{
    "columns": {
        "trainable_params": {
            "n": 130,
            "mean": 2051537.0,
            "std": 0.0,
            "median": 2051537.0,
            "min": 2051537.0,
            "max": 2051537.0,
            "q25": 2051537.0,
            "q75": 2051537.0,
            "iqr": 0.0
        },
        "gain_global_eval": {
            "n": 130,
            "mean": 0.0,
            "std": 0.0,
            "median": 0.0,
            "min": 0.0,
            "max": 0.0,
            "q25": 0.0,
            "q75": 0.0,
            "iqr": 0.0
        },
        "gain_seq_ft": {
            "n": 130,
            "mean": 4.902257442474365,
            "std": 4.9513044357299805,
            "median": 3.5103816986083984,
            "min": -3.1224851608276367,
            "max": 25.317787170410156,
            "q25": 1.110980212688446,
            "q75": 7.3451091051101685,
            "iqr": 6.234128892421722
        },
        "gain_seq_ewc": {
            "n": 130,
            "mean": 4.769045352935791,
            "std": 5.004683017730713,
            "median": 3.603610038757324,
            "min": -3.6342105865478516,
            "max": 25.321489334106445,
            "q25": 1.011848509311676,
            "q75": 7.150637149810791,
            "iqr": 6.138788640499115
        },
        "gain_seq_replay": {
            "n": 130,
            "mean": 4.72609281539917,
            "std": 4.984177112579346,
            "median": 3.540231704711914,
            "min": -3.8407440185546875,
            "max": 25.837427139282227,
            "q25": 0.9554251432418823,
            "q75": 7.1789562702178955,
            "iqr": 6.223531126976013
        },
        "gain_seq_hybrid": {
            "n": 130,
            "mean": 4.621813774108887,
            "std": 4.987789154052734,
            "median": 3.437379837036133,
            "min": -4.311422348022461,
            "max": 25.679462432861328,
            "q25": 0.8758775591850281,
            "q75": 7.022296786308289,
            "iqr": 6.1464192271232605
        },
        "global_eval_test_me": {
            "n": 130,
            "mean": 0.09348110854625702,
            "std": 9.60287857055664,
            "median": -0.02467525005340576,
            "min": -29.142648696899414,
            "max": 22.24997901916504,
            "q25": -5.7036826610565186,
            "q75": 7.6582523584365845,
            "iqr": 13.361935019493103
        },
        "global_eval_test_sd": {
            "n": 130,
            "mean": 5.636172294616699,
            "std": 1.8013854026794434,
            "median": 5.563796043395996,
            "min": 2.0847692489624023,
            "max": 11.2966890335083,
            "q25": 4.183594107627869,
            "q75": 6.795865893363953,
            "iqr": 2.612271785736084
        },
        "global_eval_test_mae": {
            "n": 130,
            "mean": 8.987545013427734,
            "std": 4.782564640045166,
            "median": 7.839221477508545,
            "min": 1.8087753057479858,
            "max": 29.142648696899414,
            "q25": 5.393852353096008,
            "q75": 11.58659815788269,
            "iqr": 6.192745804786682
        },
        "global_eval_test_rmse": {
            "n": 130,
            "mean": 10.212852478027344,
            "std": 4.729785919189453,
            "median": 9.313533782958984,
            "min": 2.2473068237304688,
            "max": 29.618139266967773,
            "q25": 6.761606812477112,
            "q75": 12.801883459091187,
            "iqr": 6.040276646614075
        },
        "global_eval_test_r2": {
            "n": 130,
            "mean": -5.976946910069539,
            "std": 17.235894541242388,
            "median": -1.305307388305664,
            "min": -139.96388244628906,
            "max": 0.7002620100975037,
            "q25": -5.48500394821167,
            "q75": -0.09232309460639954,
            "iqr": 5.39268085360527
        },
        "seq_ft_test_me": {
            "n": 130,
            "mean": -0.4673789441585541,
            "std": 2.2007999420166016,
            "median": -0.3141791522502899,
            "min": -10.835518836975098,
            "max": 6.668131351470947,
            "q25": -1.4784613251686096,
            "q75": 0.9496278762817383,
            "iqr": 2.428089201450348
        },
        "seq_ft_test_sd": {
            "n": 130,
            "mean": 4.803472518920898,
            "std": 1.6348018646240234,
            "median": 4.738757133483887,
            "min": 1.4886574745178223,
            "max": 11.905997276306152,
            "q25": 3.470013380050659,
            "q75": 5.687085509300232,
            "iqr": 2.2170721292495728
        },
        "seq_ft_test_mae": {
            "n": 130,
            "mean": 4.085288047790527,
            "std": 1.5068951845169067,
            "median": 3.942230701446533,
            "min": 1.6736568212509155,
            "max": 12.29590129852295,
            "q25": 3.0673820972442627,
            "q75": 4.820322394371033,
            "iqr": 1.75294029712677
        },
        "seq_ft_test_rmse": {
            "n": 130,
            "mean": 5.224593639373779,
            "std": 1.8656028509140015,
            "median": 5.111412048339844,
            "min": 2.210850954055786,
            "max": 16.098485946655273,
            "q25": 3.9423343539237976,
            "q75": 6.04147744178772,
            "iqr": 2.099143087863922
        },
        "seq_ft_test_r2": {
            "n": 130,
            "mean": -0.05700653837277339,
            "std": 1.14374399171688,
            "median": 0.2670521140098572,
            "min": -9.124105453491211,
            "max": 0.8734120726585388,
            "q25": -0.23659300804138184,
            "q75": 0.5109047591686249,
            "iqr": 0.7474977672100067
        },
        "seq_ft_forget": {
            "n": 130,
            "mean": 2.3284758136822625,
            "std": 2.888862139392453,
            "median": 1.4230250517527263,
            "min": -0.8209582964579264,
            "max": 16.07556899388631,
            "q25": 0.47257113456726074,
            "q75": 2.746208111445109,
            "iqr": 2.273636976877848
        },
        "seq_ewc_test_me": {
            "n": 130,
            "mean": -0.5496127605438232,
            "std": 2.3931474685668945,
            "median": -0.35833048820495605,
            "min": -11.562175750732422,
            "max": 7.097271919250488,
            "q25": -1.4518213272094727,
            "q75": 0.8801045417785645,
            "iqr": 2.331925868988037
        },
        "seq_ewc_test_sd": {
            "n": 130,
            "mean": 4.895492076873779,
            "std": 1.6427667140960693,
            "median": 4.784308433532715,
            "min": 2.1022071838378906,
            "max": 11.986376762390137,
            "q25": 3.620542049407959,
            "q75": 5.778343319892883,
            "iqr": 2.1578012704849243
        },
        "seq_ewc_test_mae": {
            "n": 130,
            "mean": 4.218499660491943,
            "std": 1.6201293468475342,
            "median": 4.111709117889404,
            "min": 1.5823835134506226,
            "max": 12.807626724243164,
            "q25": 3.193518579006195,
            "q75": 4.95899772644043,
            "iqr": 1.7654791474342346
        },
        "seq_ewc_test_rmse": {
            "n": 130,
            "mean": 5.362299919128418,
            "std": 1.9760349988937378,
            "median": 5.240459442138672,
            "min": 2.102360248565674,
            "max": 16.654041290283203,
            "q25": 4.106502652168274,
            "q75": 6.1267547607421875,
            "iqr": 2.0202521085739136
        },
        "seq_ewc_test_r2": {
            "n": 130,
            "mean": -0.1352585535783034,
            "std": 1.3770057920603982,
            "median": 0.2618314027786255,
            "min": -10.586894989013672,
            "max": 0.8531908988952637,
            "q25": -0.3267068564891815,