{
    "columns": {
        "trainable_params": {
            "n": 130,
            "mean": 2051537.0,
            "std": 0.0,
            "median": 2051537.0,
            "min": 2051537.0,
            "max": 2051537.0,
            "q25": 2051537.0,
            "q75": 2051537.0,
            "iqr": 0.0
        },
        "gain_global_eval": {
            "n": 130,
            "mean": 0.0,
            "std": 0.0,
            "median": 0.0,
            "min": 0.0,
            "max": 0.0,
            "q25": 0.0,
            "q75": 0.0,
            "iqr": 0.0
        },
        "gain_seq_ft": {
            "n": 130,
            "mean": 6.26146125793457,
            "std": 7.438292026519775,
            "median": 3.6928043365478516,
            "min": -2.6182994842529297,
            "max": 35.6762580871582,
            "q25": 1.1319587230682373,
            "q75": 8.254897832870483,
            "iqr": 7.122939109802246
        },
        "gain_seq_ewc": {
            "n": 130,
            "mean": 6.051609992980957,
            "std": 7.447366237640381,
            "median": 3.4415359497070312,
            "min": -3.087799072265625,
            "max": 35.49714660644531,
            "q25": 0.9444873332977295,
            "q75": 7.84671950340271,
            "iqr": 6.9022321701049805
        },
        "gain_seq_replay": {
            "n": 130,
            "mean": 5.998349189758301,
            "std": 7.3783860206604,
            "median": 3.6606638431549072,
            "min": -4.317744255065918,
            "max": 35.78433609008789,
            "q25": 0.991940975189209,
            "q75": 8.142339706420898,
            "iqr": 7.1503987312316895
        },
        "gain_seq_hybrid": {
            "n": 130,
            "mean": 5.75103759765625,
            "std": 7.428647041320801,
            "median": 3.489875555038452,
            "min": -4.99033784866333,
            "max": 35.30297088623047,
            "q25": 0.7050279378890991,
            "q75": 7.943769216537476,
            "iqr": 7.2387412786483765
        },
        "global_eval_test_me": {
            "n": 130,
            "mean": -0.18807196617126465,
            "std": 13.901185035705566,
            "median": -0.6608595848083496,
            "min": -35.04289245605469,
            "max": 42.25983428955078,
            "q25": -9.110721111297607,
            "q75": 8.35150694847107,
            "iqr": 17.462228059768677
        },
        "global_eval_test_sd": {
            "n": 130,
            "mean": 8.61430549621582,
            "std": 2.8244194984436035,
            "median": 8.261756896972656,
            "min": 3.5152618885040283,
            "max": 17.806934356689453,
            "q25": 6.267308354377747,
            "q75": 9.932736873626709,
            "iqr": 3.6654285192489624
        },
        "global_eval_test_mae": {
            "n": 130,
            "mean": 12.896624565124512,
            "std": 7.394500732421875,
            "median": 10.70528793334961,
            "min": 3.8987839221954346,
            "max": 42.25983428955078,
            "q25": 7.588663339614868,
            "q75": 15.06902551651001,
            "iqr": 7.480362176895142
        },
        "global_eval_test_rmse": {
            "n": 130,
            "mean": 14.82485580444336,
            "std": 7.386296272277832,
            "median": 13.119222640991211,
            "min": 5.489814758300781,
            "max": 43.36650466918945,
            "q25": 9.391046285629272,
            "q75": 17.90022563934326,
            "iqr": 8.50917935371399
        },
        "global_eval_test_r2": {
            "n": 130,
            "mean": -3.6112308350893167,
            "std": 11.958500791977674,
            "median": -0.556003987789154,
            "min": -122.18244934082031,
            "max": 0.8257154226303101,
            "q25": -3.171225428581238,
            "q75": 0.262442484498024,
            "iqr": 3.433667913079262
        },
        "seq_ft_test_me": {
            "n": 130,
            "mean": -0.2876828610897064,
            "std": 3.47930908203125,
            "median": -0.013613462448120117,
            "min": -14.077056884765625,
            "max": 8.69215202331543,
            "q25": -2.247259199619293,
            "q75": 1.4326183199882507,
            "iqr": 3.679877519607544
        },
        "seq_ft_test_sd": {
            "n": 130,
            "mean": 7.865736484527588,
            "std": 2.6576120853424072,
            "median": 7.4781389236450195,
            "min": 3.299938678741455,
            "max": 15.062840461730957,
            "q25": 5.888657927513123,
            "q75": 9.351456880569458,
            "iqr": 3.4627989530563354
        },
        "seq_ft_test_mae": {
            "n": 130,
            "mean": 6.635161876678467,
            "std": 2.3831803798675537,
            "median": 6.395727157592773,
            "min": 2.655902862548828,
            "max": 16.793270111083984,
            "q25": 4.7829413414001465,
            "q75": 7.739326000213623,
            "iqr": 2.9563846588134766
        },
        "seq_ft_test_rmse": {
            "n": 130,
            "mean": 8.499786376953125,
            "std": 2.965618371963501,
            "median": 8.092041015625,
            "min": 3.3392889499664307,
            "max": 19.297521591186523,
            "q25": 6.114990472793579,
            "q75": 9.916795253753662,
            "iqr": 3.801804780960083
        },
        "seq_ft_test_r2": {
            "n": 130,
            "mean": 0.10732001937352693,
            "std": 0.8489034806748006,
            "median": 0.327489972114563,
            "min": -6.24916934967041,
            "max": 0.9260174632072449,
            "q25": -0.1009262204170227,
            "q75": 0.6268759369850159,
            "iqr": 0.7278021574020386
        },
        "seq_ft_forget": {
            "n": 130,
            "mean": 3.671021740253155,
            "std": 3.445819318501156,
            "median": 2.4483047326405845,
            "min": -0.9429566065470377,
            "max": 16.510823249816895,
            "q25": 1.2174956798553467,
            "q75": 5.404270013173421,
            "iqr": 4.186774333318074
        },
        "seq_ewc_test_me": {
            "n": 130,
            "mean": -0.4344880282878876,
            "std": 3.6896307468414307,
            "median": -0.44347238540649414,
            "min": -11.798370361328125,
            "max": 9.229169845581055,
            "q25": -2.4474286437034607,
            "q75": 1.2774100303649902,
            "iqr": 3.724838674068451
        },
        "seq_ewc_test_sd": {
            "n": 130,
            "mean": 7.977230072021484,
            "std": 2.662480115890503,
            "median": 7.508277416229248,
            "min": 3.8367726802825928,
            "max": 14.745962142944336,
            "q25": 5.893284201622009,
            "q75": 9.56449031829834,
            "iqr": 3.6712061166763306
        },
        "seq_ewc_test_mae": {
            "n": 130,
            "mean": 6.8450140953063965,
            "std": 2.283984899520874,
            "median": 6.515542030334473,
            "min": 3.2242496013641357,
            "max": 14.405184745788574,
            "q25": 4.930695295333862,
            "q75": 8.036895513534546,
            "iqr": 3.1062002182006836
        },
        "seq_ewc_test_rmse": {
            "n": 130,
            "mean": 8.734370231628418,
            "std": 2.853299617767334,
            "median": 8.415962219238281,
            "min": 3.921638011932373,
            "max": 17.638063430786133,
            "q25": 6.430013298988342,
            "q75": 10.207889795303345,
            "iqr": 3.7778764963150024
        },
        "seq_ewc_test_r2": {
            "n": 130,
            "mean": 0.0094535781786992,
            "std": 0.9679289535439809,
            "median": 0.30749985575675964,
            "min": -6.151394844055176,
            "max": 0.9274601340293884,
            "q25": -0.22018349170684814,