{
    "columns": {
        "trainable_params": {
            "n": 144,
            "mean": 2051537.0,
            "std": 0.0,
            "median": 2051537.0,
            "min": 2051537.0,
            "max": 2051537.0,
            "q25": 2051537.0,
            "q75": 2051537.0,
            "iqr": 0.0
        },
        "gain_global_eval": {
            "n": 144,
            "mean": 0.0,
            "std": 0.0,
            "median": 0.0,
            "min": 0.0,
            "max": 0.0,
            "q25": 0.0,
            "q75": 0.0,
            "iqr": 0.0
        },
        "gain_seq_hybrid": {
            "n": 144,
            "mean": 5.899086952209473,
            "std": 7.585193157196045,
            "median": 4.005209445953369,
            "min": -10.124354362487793,
            "max": 34.149898529052734,
            "q25": 0.5335069894790649,
            "q75": 8.828085660934448,
            "iqr": 8.294578671455383
        },
        "global_eval_test_me": {
            "n": 144,
            "mean": 2.2142295837402344,
            "std": 15.877998352050781,
            "median": 1.9629716873168945,
            "min": -33.58596420288086,
            "max": 44.061492919921875,
            "q25": -8.785552024841309,
            "q75": 11.926748991012573,
            "iqr": 20.712301015853882
        },
        "global_eval_test_sd": {
            "n": 144,
            "mean": 8.932807922363281,
            "std": 3.4892053604125977,
            "median": 8.2205810546875,
            "min": 3.365823268890381,
            "max": 22.139373779296875,
            "q25": 6.415248870849609,
            "q75": 10.795367240905762,
            "iqr": 4.380118370056152
        },
        "global_eval_test_mae": {
            "n": 144,
            "mean": 14.341376304626465,
            "std": 8.849234580993652,
            "median": 12.217979431152344,
            "min": 4.73974609375,
            "max": 44.061492919921875,
            "q25": 7.745521783828735,
            "q75": 18.098878860473633,
            "iqr": 10.353357076644897
        },
        "global_eval_test_rmse": {
            "n": 144,
            "mean": 16.34125518798828,
            "std": 8.981739044189453,
            "median": 14.387939453125,
            "min": 5.519585132598877,
            "max": 46.95757293701172,
            "q25": 9.51188325881958,
            "q75": 20.012437343597412,
            "iqr": 10.500554084777832
        },
        "global_eval_test_r2": {
            "n": 144,
            "mean": -6.572487308333318,
            "std": 14.661481004350438,
            "median": -1.547587275505066,
            "min": -99.0399169921875,
            "max": 0.90656578540802,
            "q25": -5.487394332885742,
            "q75": 0.05638471245765686,
            "iqr": 5.543779045343399
        },
        "seq_hybrid_test_me": {
            "n": 144,
            "mean": 1.581591248512268,
            "std": 7.4290266036987305,
            "median": 0.6494437456130981,
            "min": -26.42889976501465,
            "max": 31.02838134765625,
            "q25": -2.5663779973983765,
            "q75": 4.783929705619812,
            "iqr": 7.3503077030181885
        },
        "seq_hybrid_test_sd": {
            "n": 144,
            "mean": 8.15405559539795,
            "std": 3.689678907394409,
            "median": 7.321018218994141,
            "min": 2.9295430183410645,
            "max": 23.48372459411621,
            "q25": 5.656731009483337,
            "q75": 9.586605787277222,
            "iqr": 3.9298747777938843
        },
        "seq_hybrid_test_mae": {
            "n": 144,
            "mean": 8.442290306091309,
            "std": 4.852462291717529,
            "median": 7.264256000518799,
            "min": 2.3147544860839844,
            "max": 31.3724422454834,
            "q25": 5.342724800109863,
            "q75": 9.915048122406006,
            "iqr": 4.572323322296143
        },
        "seq_hybrid_test_rmse": {
            "n": 144,
            "mean": 10.398361206054688,
            "std": 5.421680927276611,
            "median": 9.198200225830078,
            "min": 2.9689855575561523,
            "max": 35.457462310791016,
            "q25": 6.5766226053237915,
            "q75": 12.311317920684814,
            "iqr": 5.734695315361023
        },
        "seq_hybrid_test_r2": {
            "n": 144,
            "mean": -1.3330058794882562,
            "std": 4.82894586520241,
            "median": -0.00945347547531128,
            "min": -40.5362548828125,
            "max": 0.9176849126815796,
            "q25": -1.1270674467086792,
            "q75": 0.4874473214149475,
            "iqr": 1.6145147681236267
        },
        "seq_hybrid_forget": {
            "n": 144,
            "mean": 1.437835352288352,
            "std": 2.4145082253652816,
            "median": 0.6823790073394775,
            "min": -2.8214941024780273,
            "max": 12.529176712036133,
            "q25": -0.13413357734680176,
            "q75": 2.338344097137451,
            "iqr": 2.472477674484253
        }
    },
    "overall": {
        "n_users": 144,
        "improve_rate_global_eval": 0.0,
        "n_improved_global_eval": 0,
        "n_degraded_global_eval": 144,
        "improve_rate_seq_hybrid": 0.8472222222222222,
        "n_improved_seq_hybrid": 122,
        "n_degraded_seq_hybrid": 22,
        "best_worst_by_gain": {
            "global_eval": {
                "best_user": {
                    "user_id": "p000750_1",
                    "gain": 0.0
                },
                "worst_user": {
                    "user_id": "p000750_1",
                    "gain": 0.0
                }
            },
            "seq_hybrid": {
                "best_user": {
                    "user_id": "p002175_1",
                    "gain": 34.149898529052734
                },
                "worst_user": {
                    "user_id": "p001764_1",
                    "gain": -10.124354362487793
                }
            }
        },
        "pooled_test": {
            "global_eval": {
                "n_samples": 5760,
                "me": 2.214229518096588,
                "sd": 18.49986946848828,
                "rmse": 18.631907650853016,
                "mae": 14.34137687223145,
                "r2": 0.2712065462452564
            },
            "seq_hybrid": {
                "n_samples": 5760,
                "me": 1.581591327244317,
                "sd": 11.610984900110013,
                "rmse": 11.718208117156701,
                "mae": 8.442290184042982,
                "r2": 0.7117215151060838
            }
        }
    }
}