{
    "columns": {
        "gain_mae": {
            "n": 144,
            "mean": 4.637959866309547,
            "std": 8.799581943489835,
            "median": 3.1280297288964856,
            "min": -23.364822036325045,
            "max": 36.44808409470589,
            "q25": -0.2015826651650503,
            "q75": 8.397811625202113,
            "iqr": 8.599394290367163
        },
        "forget": {
            "n": 144,
            "mean": 4.790546329430327,
            "std": 4.625904236838756,
            "median": 3.038287768004371,
            "min": -1.3940444137166903,
            "max": 20.193437278890755,
            "q25": 1.3489780345686295,
            "q75": 6.953550112780666,
            "iqr": 5.604572078212036
        },
        "g_mae": {
            "n": 144,
            "mean": 14.341182099752594,
            "std": 8.849150640182133,
            "median": 12.21642443925533,
            "min": 4.739162930571612,
            "max": 44.05977181584074,
            "q25": 7.745231470354305,
            "q75": 18.097964365238397,
            "iqr": 10.352732894884092
        },
        "g_rmse": {
            "n": 144,
            "mean": 16.341058918899908,
            "std": 8.981702788826516,
            "median": 14.387218279454368,
            "min": 5.519222656902168,
            "max": 46.957003462640614,
            "q25": 9.510599508317208,
            "q75": 20.012747145187397,
            "iqr": 10.50214763687019
        },
        "g_r2": {
            "n": 144,
            "mean": -6.57274138560563,
            "std": 14.66286273692345,
            "median": -1.5467086358829496,
            "min": -99.05190380286932,
            "max": 0.9065512114244182,
            "q25": -5.486618619087814,
            "q75": 0.05646695787790315,
            "iqr": 5.5430855769657175
        },
        "ft_mae": {
            "n": 144,
            "mean": 9.67109029261189,
            "std": 5.9554616218569825,
            "median": 8.141223033381458,
            "min": 2.0283633230317295,
            "max": 37.73661130683996,
            "q25": 5.717619704204317,
            "q75": 12.11028109321976,
            "iqr": 6.3926613890154425
        },
        "ft_rmse": {
            "n": 144,
            "mean": 11.585764851143352,
            "std": 6.481116933826619,
            "median": 10.024034878782022,
            "min": 2.5042542249593223,
            "max": 40.89851129838009,
            "q25": 7.24186090368047,
            "q75": 14.305123875023293,
            "iqr": 7.063262971342823
        },
        "ft_r2": {
            "n": 144,
            "mean": -1.403721579509355,
            "std": 3.698974792821331,
            "median": -0.2882105751883308,
            "min": -29.241656878130627,
            "max": 0.901106974957913,
            "q25": -1.4864403121487086,
            "q75": 0.2966488040255425,
            "iqr": 1.783089116174251
        },
        "ewc_mae": {
            "n": 144,
            "mean": 9.703222233443048,
            "std": 5.921047201236326,
            "median": 8.306012036731493,
            "min": 2.0834600321581833,
            "max": 37.25374139564612,
            "q25": 5.741289187111341,
            "q75": 11.845620909306138,
            "iqr": 6.1043317221947975
        },
        "ewc_rmse": {
            "n": 144,
            "mean": 11.625027348281446,
            "std": 6.453353426319852,
            "median": 10.258229361418609,
            "min": 2.5512317094598194,
            "max": 40.44589064739381,
            "q25": 7.227356677327999,
            "q75": 14.310857009579882,
            "iqr": 7.083500332251883
        },
        "ewc_r2": {
            "n": 144,
            "mean": -1.404694787248874,
            "std": 3.652280861973202,
            "median": -0.30379507042504705,
            "min": -29.205796233329874,
            "max": 0.8648151406170128,
            "q25": -1.5608516331906237,
            "q75": 0.2997689960301708,
            "iqr": 1.8606206292207945
        },
        "trainable_params": {
            "n": 144,
            "mean": 2051537.0,
            "std": 0.0,
            "median": 2051537.0,
            "min": 2051537.0,
            "max": 2051537.0,
            "q25": 2051537.0,
            "q75": 2051537.0,
            "iqr": 0.0
        }
    },
    "overall": {
        "n_users": 144,
        "improve_rate_mae": 0.7291666666666666,
        "n_improved": 105,
        "n_degraded": 39,
        "gain_mean_improved": 7.822216379333908,
        "gain_median_improved": 4.97445541016744,
        "gain_mean_degraded": -3.9350384379868104,
        "gain_median_degraded": -2.197715240116956,
        "best_user": {
            "user_id": "p002175_1",
            "gain": 36.44808409470589,
            "g_mae": 44.05977181584074,
            "ewc_mae": 7.611687721134847
        },
        "worst_user": {
            "user_id": "p001543_1",
            "gain": -23.364822036325045,
            "g_mae": 13.888919359321074,
            "ewc_mae": 37.25374139564612
        }
    }
}