{
    "columns": {
        "gain_mae": {
            "n": 144,
            "mean": 4.487641926512602,
            "std": 8.926894459442522,
            "median": 2.983905297944269,
            "min": -24.650749236642426,
            "max": 36.484991078562565,
            "q25": -0.373503709695439,
            "q75": 8.081779317232154,
            "iqr": 8.455283026927594
        },
        "forget": {
            "n": 144,
            "mean": 4.770949127199677,
            "std": 4.651442603981669,
            "median": 3.1125730355928685,
            "min": -1.2392453338216711,
            "max": 21.276405227804332,
            "q25": 1.4171151946355371,
            "q75": 6.468146991844871,
            "iqr": 5.051031797209334
        },
        "g_mae": {
            "n": 144,
            "mean": 14.341376872231447,
            "std": 8.849236250321907,
            "median": 12.217980263535116,
            "min": 4.739746388518389,
            "max": 44.06149415165617,
            "q25": 7.745521578081356,
            "q75": 18.098878795856685,
            "iqr": 10.35335721777533
        },
        "g_rmse": {
            "n": 144,
            "mean": 16.341253500924694,
            "std": 8.981739053537083,
            "median": 14.387939558686085,
            "min": 5.519585253948407,
            "max": 46.95757438349049,
            "q25": 9.51188261912328,
            "q75": 20.012437412905822,
            "iqr": 10.500554793782541
        },
        "g_r2": {
            "n": 144,
            "mean": -6.572487800493765,
            "std": 14.661482499845164,
            "median": -1.5475873797020876,
            "min": -99.03991193266108,
            "max": 0.9065657974080283,
            "q25": -5.487394415215652,
            "q75": 0.05638466348838461,
            "iqr": 5.543779078704037
        },
        "ft_mae": {
            "n": 144,
            "mean": 9.885320674319809,
            "std": 6.162993822158934,
            "median": 8.410555364878856,
            "min": 1.9562613078165687,
            "max": 39.78206952827551,
            "q25": 5.676521061418578,
            "q75": 12.174904478834065,
            "iqr": 6.4983834174154875
        },
        "ft_rmse": {
            "n": 144,
            "mean": 11.789372138841673,
            "std": 6.651501135384581,
            "median": 10.371924876459586,
            "min": 2.4466591653992915,
            "max": 42.80579729181544,
            "q25": 7.328019988190392,
            "q75": 14.750147987781578,
            "iqr": 7.4221279995911855
        },
        "ft_r2": {
            "n": 144,
            "mean": -1.4816178178597168,
            "std": 3.958615985852075,
            "median": -0.3527772874518649,
            "min": -33.83599536409847,
            "max": 0.8346590824771951,
            "q25": -1.562591433693332,
            "q75": 0.3010322845049045,
            "iqr": 1.8636237181982365
        },
        "ewc_mae": {
            "n": 144,
            "mean": 9.853734945718847,
            "std": 6.070501032562791,
            "median": 8.477520163475468,
            "min": 1.9356558282914047,
            "max": 38.53880609291174,
            "q25": 5.7417763800376385,
            "q75": 12.178485781957912,
            "iqr": 6.4367094019202735
        },
        "ewc_rmse": {
            "n": 144,
            "mean": 11.758937160763477,
            "std": 6.558036999703661,
            "median": 10.437684124304713,
            "min": 2.405715942698771,
            "max": 41.56757479642725,
            "q25": 7.46176950888723,
            "q75": 14.477814742518323,
            "iqr": 7.016045233631093
        },
        "ewc_r2": {
            "n": 144,
            "mean": -1.4696224432295706,
            "std": 3.9605190936020858,
            "median": -0.34273453727978376,
            "min": -33.76149964666306,
            "max": 0.8346590824771951,
            "q25": -1.562591433693332,
            "q75": 0.3060863117411691,
            "iqr": 1.8686777454345012
        },
        "trainable_params": {
            "n": 144,
            "mean": 2051537.0,
            "std": 0.0,
            "median": 2051537.0,
            "min": 2051537.0,
            "max": 2051537.0,
            "q25": 2051537.0,
            "q75": 2051537.0,
            "iqr": 0.0
        }
    },
    "overall": {
        "n_users": 144,
        "improve_rate_mae": 0.7222222222222222,
        "n_improved": 104,
        "n_degraded": 40,
        "gain_mean_improved": 7.813570233763307,
        "gain_median_improved": 5.066599685834909,
        "gain_mean_degraded": -4.159771672339233,
        "gain_median_degraded": -2.326035063902464,
        "best_user": {
            "user_id": "p002175_1",
            "gain": 36.484991078562565,
            "g_mae": 44.06149415165617,
            "ewc_mae": 7.576503073093605
        },
        "worst_user": {
            "user_id": "p001543_1",
            "gain": -24.650749236642426,
            "g_mae": 13.888056856269316,
            "ewc_mae": 38.53880609291174
        }
    }
}