{
    "columns": {
        "gain_mae": {
            "n": 144,
            "mean": 4.833207878867954,
            "std": 7.724056701371012,
            "median": 2.4526919906986944,
            "min": -8.974180401101398,
            "max": 31.57067056716735,
            "q25": -0.24630684712468343,
            "q75": 7.798700460009302,
            "iqr": 8.045007307133986
        },
        "forget": {
            "n": 144,
            "mean": 1.5827249196520397,
            "std": 4.322226714646846,
            "median": 0.7833324061769318,
            "min": -12.20351677233734,
            "max": 20.301252391635806,
            "q25": -0.4226067972999026,
            "q75": 3.2248010663843765,
            "iqr": 3.647407863684279
        },
        "g_mae": {
            "n": 144,
            "mean": 14.34137684971414,
            "std": 8.849236158204315,
            "median": 12.21797988206539,
            "min": 4.73974524410921,
            "max": 44.06149281651213,
            "q25": 7.745521196611629,
            "q75": 18.098879797214718,
            "iqr": 10.353358600603087
        },
        "g_rmse": {
            "n": 144,
            "mean": 16.341253528892153,
            "std": 8.98173897575906,
            "median": 14.387940285754354,
            "min": 5.519583895843131,
            "max": 46.95757531362878,
            "q25": 9.511883295660244,
            "q75": 20.012438196022828,
            "iqr": 10.500554900362584
        },
        "g_r2": {
            "n": 144,
            "mean": -6.5724878008005,
            "std": 14.661482596285591,
            "median": -1.5475876169826062,
            "min": -99.03991619692425,
            "max": 0.9065657605902516,
            "q25": -5.487394648474104,
            "q75": 0.05638457362897609,
            "iqr": 5.54377922210308
        },
        "ft_mae": {
            "n": 144,
            "mean": 9.469874582275073,
            "std": 5.337372624460378,
            "median": 7.9151924891008445,
            "min": 2.6196331596374436,
            "max": 37.432805093468346,
            "q25": 6.119682238409228,
            "q75": 11.48654394344089,
            "iqr": 5.366861705031661
        },
        "ft_rmse": {
            "n": 144,
            "mean": 11.464146710665258,
            "std": 5.784417542640835,
            "median": 9.858166697731956,
            "min": 3.299142874742711,
            "max": 41.02604366995619,
            "q25": 7.451477662109528,
            "q75": 14.034927725850629,
            "iqr": 6.583450063741101
        },
        "ft_r2": {
            "n": 144,
            "mean": -1.874783179311888,
            "std": 5.736906870466038,
            "median": -0.1873370091929809,
            "min": -48.05884201324124,
            "max": 0.9135018677673161,
            "q25": -2.125301059354224,
            "q75": 0.36115134522926856,
            "iqr": 2.486452404583493
        },
        "ewc_mae": {
            "n": 144,
            "mean": 9.508168970846185,
            "std": 5.3753886834627576,
            "median": 8.032857202257759,
            "min": 2.6248495674133223,
            "max": 37.092512353600185,
            "q25": 6.170239915790079,
            "q75": 11.920848139825065,
            "iqr": 5.750608224034986
        },
        "ewc_rmse": {
            "n": 144,
            "mean": 11.494992588573204,
            "std": 5.845927877337097,
            "median": 9.84108674814544,
            "min": 3.41223450684095,
            "max": 40.71633567869346,
            "q25": 7.471397127186927,
            "q75": 14.029223665167155,
            "iqr": 6.557826537980228
        },
        "ewc_r2": {
            "n": 144,
            "mean": -1.9451938534269329,
            "std": 6.2474648698775415,
            "median": -0.21132633105380627,
            "min": -56.600993483943746,
            "max": 0.9135018677673161,
            "q25": -2.132964157075767,
            "q75": 0.3313566906104457,
            "iqr": 2.4643208476862126
        },
        "trainable_params": {
            "n": 144,
            "mean": 2051537.0,
            "std": 0.0,
            "median": 2051537.0,
            "min": 2051537.0,
            "max": 2051537.0,
            "q25": 2051537.0,
            "q75": 2051537.0,
            "iqr": 0.0
        }
    },
    "overall": {
        "n_users": 144,
        "improve_rate_mae": 0.7291666666666666,
        "n_improved": 105,
        "n_degraded": 39,
        "gain_mean_improved": 7.448923099718935,
        "gain_median_improved": 4.926386831495339,
        "gain_mean_degraded": -2.209102331115459,
        "gain_median_degraded": -1.8321118448578249,
        "best_user": {
            "user_id": "p002175_1",
            "gain": 31.57067056716735,
            "g_mae": 44.06149281651213,
            "ewc_mae": 12.490822249344777
        },
        "worst_user": {
            "user_id": "p001764_1",
            "gain": -8.974180401101398,
            "g_mae": 13.6713361578008,
            "ewc_mae": 22.645516558902198
        }
    }
}