{
    "columns": {
        "trainable_params": {
            "n": 144,
            "mean": 2051537.0,
            "std": 0.0,
            "median": 2051537.0,
            "min": 2051537.0,
            "max": 2051537.0,
            "q25": 2051537.0,
            "q75": 2051537.0,
            "iqr": 0.0
        },
        "gain_global_eval": {
            "n": 144,
            "mean": 0.0,
            "std": 0.0,
            "median": 0.0,
            "min": 0.0,
            "max": 0.0,
            "q25": 0.0,
            "q75": 0.0,
            "iqr": 0.0
        },
        "gain_seq_ft": {
            "n": 144,
            "mean": 5.23122450709343,
            "std": 7.9720540653478995,
            "median": 2.9931857585906982,
            "min": -13.321331024169922,
            "max": 34.37037467956543,
            "q25": 0.3043123483657837,
            "q75": 8.439692735671997,
            "iqr": 8.135380387306213
        },
        "gain_seq_ewc": {
            "n": 144,
            "mean": 5.173353041211764,
            "std": 7.837767446285318,
            "median": 2.9664366245269775,
            "min": -10.454206466674805,
            "max": 33.80618476867676,
            "q25": 0.3889046907424927,
            "q75": 8.598079919815063,
            "iqr": 8.20917522907257
        },
        "gain_seq_replay": {
            "n": 144,
            "mean": 4.884559235639042,
            "std": 7.758220615064734,
            "median": 2.758103132247925,
            "min": -10.603753089904785,
            "max": 34.64524745941162,
            "q25": 0.012778878211975098,
            "q75": 8.147041201591492,
            "iqr": 8.134262323379517
        },
        "gain_seq_hybrid": {
            "n": 144,
            "mean": 4.687223043706682,
            "std": 7.714258387846831,
            "median": 2.8175885677337646,
            "min": -11.60029125213623,
            "max": 31.98080539703369,
            "q25": 0.15001189708709717,
            "q75": 7.957353472709656,
            "iqr": 7.807341575622559
        },
        "global_eval_test_me": {
            "n": 144,
            "mean": 2.2137975692749023,
            "std": 15.878011703491211,
            "median": 1.9630926847457886,
            "min": -33.58492660522461,
            "max": 44.06187057495117,
            "q25": -8.784867525100708,
            "q75": 11.926207065582275,
            "iqr": 20.711074590682983
        },
        "global_eval_test_sd": {
            "n": 144,
            "mean": 8.932679176330566,
            "std": 3.4892499446868896,
            "median": 8.220476150512695,
            "min": 3.3661787509918213,
            "max": 22.13725471496582,
            "q25": 6.414632797241211,
            "q75": 10.796239614486694,
            "iqr": 4.381606817245483
        },
        "global_eval_test_mae": {
            "n": 144,
            "mean": 14.341318315929836,
            "std": 8.849234953471354,
            "median": 12.21833848953247,
            "min": 4.740262031555176,
            "max": 44.06187057495117,
            "q25": 7.746446847915649,
            "q75": 18.09956932067871,
            "iqr": 10.353122472763062
        },
        "global_eval_test_rmse": {
            "n": 144,
            "mean": 16.34108889190026,
            "std": 8.981845914106641,
            "median": 14.38834732079988,
            "min": 5.519852441943984,
            "max": 46.95838416885743,
            "q25": 9.512011408317381,
            "q75": 20.012835669949233,
            "iqr": 10.500824261631852
        },
        "global_eval_test_r2": {
            "n": 144,
            "mean": -6.5727432452970085,
            "std": 14.662580882526404,
            "median": -1.5474939346313477,
            "min": -99.0404052734375,
            "max": 0.9065577983856201,
            "q25": -5.4875324964523315,
            "q75": 0.05658748745918274,
            "iqr": 5.544119983911514
        },
        "seq_ft_test_me": {
            "n": 144,
            "mean": 2.372321128845215,
            "std": 8.200855255126953,
            "median": 1.5641789436340332,
            "min": -24.372180938720703,
            "max": 32.55858612060547,
            "q25": -2.6279574036598206,
            "q75": 6.848674416542053,
            "iqr": 9.476631820201874
        },
        "seq_ft_test_sd": {
            "n": 144,
            "mean": 8.23367977142334,
            "std": 3.572131872177124,
            "median": 7.472040176391602,
            "min": 3.282210350036621,
            "max": 21.4988956451416,
            "q25": 5.721351623535156,
            "q75": 9.659310817718506,
            "iqr": 3.9379591941833496
        },
        "seq_ft_test_mae": {
            "n": 144,
            "mean": 9.110093808836407,
            "std": 5.125267415515653,
            "median": 7.6113011837005615,
            "min": 2.370030403137207,
            "max": 32.644588470458984,
            "q25": 5.70392644405365,
            "q75": 10.453858375549316,
            "iqr": 4.7499319314956665
        },
        "seq_ft_test_rmse": {
            "n": 144,
            "mean": 11.029852010848032,
            "std": 5.607190412235718,
            "median": 9.30444086085421,
            "min": 3.30705648872663,
            "max": 36.19415316916273,
            "q25": 7.213751392705006,
            "q75": 13.047694298558415,
            "iqr": 5.83394290585341
        },
        "seq_ft_test_r2": {
            "n": 144,
            "mean": -1.4384355180793338,
            "std": 4.462446103997287,
            "median": -0.08933091163635254,
            "min": -37.58792495727539,
            "max": 0.8789056539535522,
            "q25": -1.7106205821037292,
            "q75": 0.38852332532405853,
            "iqr": 2.099143907427788
        },
        "seq_ft_forget": {
            "n": 144,
            "mean": 4.050342140926255,
            "std": 4.495312365253488,
            "median": 2.530735969543457,
            "min": -1.6271753311157227,
            "max": 21.84490966796875,
            "q25": 1.2354736328125,
            "q75": 5.470786094665527,
            "iqr": 4.235312461853027
        },
        "seq_ewc_test_me": {
            "n": 144,
            "mean": 2.2549777030944824,
            "std": 8.177053451538086,
            "median": 2.0471150875091553,
            "min": -24.635669708251953,
            "max": 32.532501220703125,
            "q25": -2.414857029914856,
            "q75": 6.706858277320862,
            "iqr": 9.121715307235718
        },
        "seq_ewc_test_sd": {
            "n": 144,
            "mean": 8.324958801269531,
            "std": 3.5123236179351807,
            "median": 7.428985595703125,
            "min": 3.273120164871216,
            "max": 21.838178634643555,
            "q25": 5.69674551486969,
            "q75": 9.977761030197144,
            "iqr": 4.281015515327454
        },
        "seq_ewc_test_mae": {
            "n": 144,
            "mean": 9.167965274718073,
            "std": 4.9248380138507555,
            "median": 7.71251368522644,
            "min": 2.821902275085449,
            "max": 32.61528396606445,
            "q25": 5.976301670074463,
            "q75": 10.446845293045044,
            "iqr": 4.470543622970581
        },
        "seq_ewc_test_rmse": {
            "n": 144,
            "mean": 11.124241415021608,
            "std": 5.431073822804558,
            "median": 9.696831371302682,
            "min": 3.76824619348243,
            "max": 36.203998290071496,
            "q25": 7.520592529555246,
            "q75": 12.857162010504483,
            "iqr": 5.336569480949238
        },
        "seq_ewc_test_r2": {
            "n": 144,
            "mean": -1.5896621611383226,
            "std": 4.597344180244053,
            "median": -0.08573490381240845,
            "min": -35.1923713684082,
            "max": 0.8791013360023499,
            "q25": -1.6970463991165161,
            "q75": 0.3464246541261673,