{
    "columns": {
        "trainable_params": {
            "n": 144,
            "mean": 2051537.0,
            "std": 0.0,
            "median": 2051537.0,
            "min": 2051537.0,
            "max": 2051537.0,
            "q25": 2051537.0,
            "q75": 2051537.0,
            "iqr": 0.0
        },
        "gain_global_eval": {
            "n": 144,
            "mean": 0.0,
            "std": 0.0,
            "median": 0.0,
            "min": 0.0,
            "max": 0.0,
            "q25": 0.0,
            "q75": 0.0,
            "iqr": 0.0
        },
        "gain_seq_ft": {
            "n": 144,
            "mean": 4.987569808959961,
            "std": 8.244882583618164,
            "median": 2.8604300022125244,
            "min": -15.460206985473633,
            "max": 34.625831604003906,
            "q25": 0.011460304260253906,
            "q75": 8.517710447311401,
            "iqr": 8.506250143051147
        },
        "gain_seq_ewc": {
            "n": 144,
            "mean": 5.025238990783691,
            "std": 8.019883155822754,
            "median": 2.6630563735961914,
            "min": -11.536029815673828,
            "max": 33.005706787109375,
            "q25": 0.10250377655029297,
            "q75": 8.656336307525635,
            "iqr": 8.553832530975342
        },
        "gain_seq_replay": {
            "n": 144,
            "mean": 4.889805316925049,
            "std": 7.783339500427246,
            "median": 2.5878379344940186,
            "min": -8.831100463867188,
            "max": 33.73210144042969,
            "q25": -0.196563720703125,
            "q75": 8.133119702339172,
            "iqr": 8.329683423042297
        },
        "gain_seq_hybrid": {
            "n": 144,
            "mean": 4.895760536193848,
            "std": 7.650256633758545,
            "median": 2.5589466094970703,
            "min": -9.803226470947266,
            "max": 30.97633171081543,
            "q25": -0.1378931999206543,
            "q75": 8.34194540977478,
            "iqr": 8.479838609695435
        },
        "global_eval_test_me": {
            "n": 144,
            "mean": 2.2142295837402344,
            "std": 15.877998352050781,
            "median": 1.9629716873168945,
            "min": -33.58596420288086,
            "max": 44.061492919921875,
            "q25": -8.785552024841309,
            "q75": 11.926748991012573,
            "iqr": 20.712301015853882
        },
        "global_eval_test_sd": {
            "n": 144,
            "mean": 8.932807922363281,
            "std": 3.4892053604125977,
            "median": 8.2205810546875,
            "min": 3.365823268890381,
            "max": 22.139373779296875,
            "q25": 6.415248870849609,
            "q75": 10.795367240905762,
            "iqr": 4.380118370056152
        },
        "global_eval_test_mae": {
            "n": 144,
            "mean": 14.341376304626465,
            "std": 8.849234580993652,
            "median": 12.217979431152344,
            "min": 4.73974609375,
            "max": 44.061492919921875,
            "q25": 7.745521783828735,
            "q75": 18.098878860473633,
            "iqr": 10.353357076644897
        },
        "global_eval_test_rmse": {
            "n": 144,
            "mean": 16.34125518798828,
            "std": 8.981739044189453,
            "median": 14.387939453125,
            "min": 5.519585132598877,
            "max": 46.95757293701172,
            "q25": 9.51188325881958,
            "q75": 20.012437343597412,
            "iqr": 10.500554084777832
        },
        "global_eval_test_r2": {
            "n": 144,
            "mean": -6.572487308333318,
            "std": 14.661481004350438,
            "median": -1.547587275505066,
            "min": -99.0399169921875,
            "max": 0.90656578540802,
            "q25": -5.487394332885742,
            "q75": 0.05638471245765686,
            "iqr": 5.543779045343399
        },
        "seq_ft_test_me": {
            "n": 144,
            "mean": 2.9888970851898193,
            "std": 8.611686706542969,
            "median": 2.4770679473876953,
            "min": -23.69232177734375,
            "max": 31.41826820373535,
            "q25": -2.2611071467399597,
            "q75": 7.494602799415588,
            "iqr": 9.755709946155548
        },
        "seq_ft_test_sd": {
            "n": 144,
            "mean": 8.189847946166992,
            "std": 3.9322731494903564,
            "median": 7.37706184387207,
            "min": 2.8744542598724365,
            "max": 25.765159606933594,
            "q25": 5.301421165466309,
            "q75": 10.009282112121582,
            "iqr": 4.707860946655273
        },
        "seq_ft_test_mae": {
            "n": 144,
            "mean": 9.35380744934082,
            "std": 5.488117218017578,
            "median": 7.510795593261719,
            "min": 2.4539361000061035,
            "max": 31.662181854248047,
            "q25": 5.607432961463928,
            "q75": 11.254529237747192,
            "iqr": 5.647096276283264
        },
        "seq_ft_test_rmse": {
            "n": 144,
            "mean": 11.338242530822754,
            "std": 6.05869722366333,
            "median": 9.681684494018555,
            "min": 2.8814849853515625,
            "max": 35.54476547241211,
            "q25": 7.1555259227752686,
            "q75": 13.872406482696533,
            "iqr": 6.716880559921265
        },
        "seq_ft_test_r2": {
            "n": 144,
            "mean": -1.2951784547832277,
            "std": 3.908787047659515,
            "median": -0.10591870546340942,
            "min": -31.839256286621094,
            "max": 0.9136061668395996,
            "q25": -1.5960947275161743,
            "q75": 0.28548091650009155,
            "iqr": 1.8815756440162659
        },
        "seq_ft_forget": {
            "n": 144,
            "mean": 4.086069314844078,
            "std": 4.492229844649611,
            "median": 2.6737661361694336,
            "min": -1.5577707290649414,
            "max": 21.398505210876465,
            "q25": 0.9050041437149048,
            "q75": 5.643270432949066,
            "iqr": 4.738266289234161
        },
        "seq_ewc_test_me": {
            "n": 144,
            "mean": 2.7606608867645264,
            "std": 8.422890663146973,
            "median": 2.4398694038391113,
            "min": -22.43573570251465,
            "max": 31.426233291625977,
            "q25": -2.3322991728782654,
            "q75": 7.138173580169678,
            "iqr": 9.470472753047943
        },
        "seq_ewc_test_sd": {
            "n": 144,
            "mean": 8.294472694396973,
            "std": 3.8161351680755615,
            "median": 7.418548107147217,
            "min": 3.1488051414489746,
            "max": 25.771835327148438,
            "q25": 5.497332572937012,
            "q75": 10.06004786491394,
            "iqr": 4.562715291976929
        },
        "seq_ewc_test_mae": {
            "n": 144,
            "mean": 9.316137313842773,
            "std": 5.14520788192749,
            "median": 7.677670478820801,
            "min": 2.9690470695495605,
            "max": 31.670618057250977,
            "q25": 5.918739318847656,
            "q75": 11.25935411453247,
            "iqr": 5.3406147956848145
        },
        "seq_ewc_test_rmse": {
            "n": 144,
            "mean": 11.335623741149902,
            "std": 5.750388145446777,
            "median": 9.847521781921387,
            "min": 3.3694875240325928,
            "max": 35.560325622558594,
            "q25": 7.328174948692322,
            "q75": 13.351771116256714,
            "iqr": 6.023596167564392
        },
        "seq_ewc_test_r2": {
            "n": 144,
            "mean": -1.430020855532752,
            "std": 3.960528204385726,
            "median": -0.09326934814453125,
            "min": -31.839256286621094,
            "max": 0.9136061668395996,
            "q25": -1.814978301525116,