{
    "columns": {
        "gain_mae": {
            "n": 144,
            "mean": 4.4132866859436035,
            "std": 7.151159763336182,
            "median": 2.2592461109161377,
            "min": -8.97418212890625,
            "max": 27.37246322631836,
            "q25": -0.11041843891143799,
            "q75": 7.582214117050171,
            "iqr": 7.692632555961609
        },
        "forget_ewc": {
            "n": 144,
            "mean": 1.122788346476025,
            "std": 3.6386333108845252,
            "median": 0.3788473606109619,
            "min": -10.457714080810547,
            "max": 15.703356266021729,
            "q25": -0.6605465412139893,
            "q75": 2.7169361114501953,
            "iqr": 3.3774826526641846
        },
        "forget_ft": {
            "n": 144,
            "mean": 1.6668623603052564,
            "std": 4.392969155791201,
            "median": 0.799964189529419,
            "min": -12.26826000213623,
            "max": 20.820167541503906,
            "q25": -0.3853936195373535,
            "q75": 3.3758617639541626,
            "iqr": 3.761255383491516
        },
        "g_me": {
            "n": 144,
            "mean": 2.2142295837402344,
            "std": 15.877999305725098,
            "median": 1.9629719257354736,
            "min": -33.58596420288086,
            "max": 44.061492919921875,
            "q25": -8.785552024841309,
            "q75": 11.926748037338257,
            "iqr": 20.712300062179565
        },
        "g_sd": {
            "n": 144,
            "mean": 8.932806968688965,
            "std": 3.489205837249756,
            "median": 8.2205810546875,
            "min": 3.365821599960327,
            "max": 22.139375686645508,
            "q25": 6.415248513221741,
            "q75": 10.795366287231445,
            "iqr": 4.380117774009705
        },
        "g_mae": {
            "n": 144,
            "mean": 14.341376304626465,
            "std": 8.849235534667969,
            "median": 12.217979431152344,
            "min": 4.739744663238525,
            "max": 44.061492919921875,
            "q25": 7.745521068572998,
            "q75": 18.09887981414795,
            "iqr": 10.353358745574951
        },
        "g_rmse": {
            "n": 144,
            "mean": 16.34125518798828,
            "std": 8.98173999786377,
            "median": 14.387940406799316,
            "min": 5.519583225250244,
            "max": 46.957576751708984,
            "q25": 9.511883735656738,
            "q75": 20.012439250946045,
            "iqr": 10.500555515289307
        },
        "g_r2": {
            "n": 144,
            "mean": -6.572487325718005,
            "std": 14.661481226079983,
            "median": -1.5475873947143555,
            "min": -99.03992462158203,
            "max": 0.90656578540802,
            "q25": -5.48739492893219,
            "q75": 0.0563846230506897,
            "iqr": 5.54377955198288
        },
        "ft_me": {
            "n": 144,
            "mean": 2.085158109664917,
            "std": 8.830564498901367,
            "median": 1.4018757343292236,
            "min": -27.038726806640625,
            "max": 37.43280792236328,
            "q25": -3.1253411173820496,
            "q75": 6.292995929718018,
            "iqr": 9.418337047100067
        },
        "ft_sd": {
            "n": 144,
            "mean": 8.418206214904785,
            "std": 3.476531744003296,
            "median": 7.8404927253723145,
            "min": 3.159867525100708,
            "max": 23.96925926208496,
            "q25": 5.8724833726882935,
            "q75": 9.998692512512207,
            "iqr": 4.126209139823914
        },
        "ft_mae": {
            "n": 144,
            "mean": 9.469874382019043,
            "std": 5.337372779846191,
            "median": 7.915192604064941,
            "min": 2.619633197784424,
            "max": 37.43280792236328,
            "q25": 6.11968195438385,
            "q75": 11.486544132232666,
            "iqr": 5.366862177848816
        },
        "ft_rmse": {
            "n": 144,
            "mean": 11.464146614074707,
            "std": 5.784417629241943,
            "median": 9.85816764831543,
            "min": 3.299143075942993,
            "max": 41.02604293823242,
            "q25": 7.451477527618408,
            "q75": 14.034927368164062,
            "iqr": 6.583449840545654
        },
        "ft_r2": {
            "n": 144,
            "mean": -1.8747829558948677,
            "std": 5.736905458477772,
            "median": -0.1873369812965393,
            "min": -48.05882263183594,
            "max": 0.9135018587112427,
            "q25": -2.1253005266189575,
            "q75": 0.3611512631177902,
            "iqr": 2.4864517897367477
        },
        "ewc_me": {
            "n": 144,
            "mean": 2.0745365619659424,
            "std": 9.430638313293457,
            "median": 1.0270442962646484,
            "min": -29.968494415283203,
            "max": 35.669395446777344,
            "q25": -4.21050226688385,
            "q75": 6.764077186584473,
            "iqr": 10.974579453468323
        },
        "ewc_sd": {
            "n": 144,
            "mean": 8.52631950378418,
            "std": 3.565967559814453,
            "median": 7.8344621658325195,
            "min": 3.2373106479644775,
            "max": 25.93997573852539,
            "q25": 6.088481903076172,
            "q75": 9.847570896148682,
            "iqr": 3.7590889930725098
        },
        "ewc_mae": {
            "n": 144,
            "mean": 9.92809009552002,
            "std": 5.608759880065918,
            "median": 8.170717239379883,
            "min": 3.390619993209839,
            "max": 35.669395446777344,
            "q25": 6.277743577957153,
            "q75": 12.102044820785522,
            "iqr": 5.824301242828369
        },
        "ewc_rmse": {
            "n": 144,
            "mean": 11.88394832611084,
            "std": 6.080914497375488,
            "median": 10.303922653198242,
            "min": 4.315771579742432,
            "max": 39.06652069091797,
            "q25": 7.956091284751892,
            "q75": 14.496920824050903,
            "iqr": 6.540829539299011
        },
        "ewc_r2": {
            "n": 144,
            "mean": -1.9919715887970395,
            "std": 6.076840919146622,
            "median": -0.3201952576637268,
            "min": -56.60097885131836,
            "max": 0.9135018587112427,
            "q25": -2.1887623071670532,
            "q75": 0.3178299367427826,
            "iqr": 2.506592243909836
        },
        "trainable_params": {
            "n": 144,
            "mean": 2051537.0,
            "std": 0.0,
            "median": 2051537.0,
            "min": 2051537.0,
            "max": 2051537.0,
            "q25": 2051537.0,
            "q75": 2051537.0,
            "iqr": 0.0
        }
    },
    "overall": {
        "n_users": 144,
        "improve_rate_mae": 0.7361111111111112,
        "n_improved": 106,
        "n_degraded": 38,
        "gain_mean_improved": 6.83181095123291,
        "gain_median_improved": 4.797097206115723,
        "gain_mean_degraded": -2.3331234455108643,
        "gain_median_degraded": -1.905496597290039,
        "best_user": {
            "user_id": "p004795_1",
            "gain": 27.37246322631836,
            "g_mae": 33.10100173950195,
            "ewc_mae": 5.728538513183594
        },
        "worst_user": {
            "user_id": "p001764_1",
            "gain": -8.97418212890625,
            "g_mae": 13.671335220336914,
            "ewc_mae": 22.645517349243164
        },
        "pooled_test": {
            "global_eval": {
                "n_samples": 5760,
                "me": 2.2142295273684214,
                "sd": 18.499869454583465,
                "rmse": 18.631907638148608,
                "mae": 14.34137684971414,
                "r2": 0.27120654723913096
            },
            "seq_ft": {
                "n_samples": 5760,