{
    "columns": {
        "gain_mae": {
            "n": 2,
            "mean": 10.927034202581385,
            "std": 8.910447451835903,
            "median": 10.927034202581385,
            "min": 4.626396385981826,
            "max": 17.227672019180947,
            "q25": 7.7767152942816065,
            "q75": 14.077353110881166,
            "iqr": 6.30063781659956
        },
        "forget": {
            "n": 2,
            "mean": 1.824090585813126,
            "std": 1.615233818028779,
            "median": 1.824090585813126,
            "min": 0.6819477998831385,
            "max": 2.9662333717431135,
            "q25": 1.2530191928481322,
            "q75": 2.3951619787781198,
            "iqr": 1.1421427859299875
        },
        "g_mae": {
            "n": 2,
            "mean": 14.905322699330045,
            "std": 9.103727969242847,
            "median": 14.905322699330045,
            "min": 8.46801491820079,
            "max": 21.3426304804593,
            "q25": 11.686668808765418,
            "q75": 18.12397658989467,
            "iqr": 6.4373077811292525
        },
        "g_rmse": {
            "n": 2,
            "mean": 16.501081324179182,
            "std": 8.461524860355086,
            "median": 16.501081324179182,
            "min": 10.517879716243549,
            "max": 22.48428293211482,
            "q25": 13.509480520211365,
            "q75": 19.492682128147003,
            "iqr": 5.983201607935637
        },
        "g_r2": {
            "n": 2,
            "mean": -22.852360677744024,
            "std": 19.349531943235085,
            "median": -22.852360677744024,
            "min": -36.53454592759127,
            "max": -9.170175427896783,
            "q25": -29.693453302667645,
            "q75": -16.011268052820405,
            "iqr": 13.68218524984724
        },
        "ft_mae": {
            "n": 2,
            "mean": 4.0263490092913825,
            "std": 0.2612483460594667,
            "median": 4.0263490092913825,
            "min": 3.841618532218964,
            "max": 4.2110794863638015,
            "q25": 3.9339837707551735,
            "q75": 4.118714247827592,
            "iqr": 0.18473047707241852
        },
        "ft_rmse": {
            "n": 2,
            "mean": 4.807305671118376,
            "std": 0.5981264661227703,
            "median": 4.807305671118376,
            "min": 4.38436639091582,
            "max": 5.230244951320933,
            "q25": 4.5958360310170985,
            "q75": 5.018775311219654,
            "iqr": 0.4229392802025558
        },
        "ft_r2": {
            "n": 2,
            "mean": -0.8991169206299258,
            "std": 0.18655857439630294,
            "median": -0.8991169206299258,
            "min": -1.0310337536740466,
            "max": -0.7672000875858049,
            "q25": -0.9650753371519862,
            "q75": -0.8331585041078653,
            "iqr": 0.13191683304412094
        },
        "ewc_mae": {
            "n": 2,
            "mean": 3.9782884967486583,
            "std": 0.19328051740694316,
            "median": 3.9782884967486583,
            "min": 3.841618532218964,
            "max": 4.114958461278352,
            "q25": 3.909953514483811,
            "q75": 4.046623479013505,
            "iqr": 0.13666996452969382
        },
        "ewc_rmse": {
            "n": 2,
            "mean": 4.764261804891676,
            "std": 0.5372532467279978,
            "median": 4.764261804891676,
            "min": 4.38436639091582,
            "max": 5.144157218867533,
            "q25": 4.574314097903748,
            "q75": 4.954209511879604,
            "iqr": 0.3798954139758557
        },
        "ewc_r2": {
            "n": 2,
            "mean": -0.8659620425042581,
            "std": 0.1396704960921567,
            "median": -0.8659620425042581,
            "min": -0.9647239974227113,
            "max": -0.7672000875858049,
            "q25": -0.9153430199634847,
            "q75": -0.8165810650450316,
            "iqr": 0.09876195491845308
        },
        "trainable_params": {
            "n": 2,
            "mean": 2051537.0,
            "std": 0.0,
            "median": 2051537.0,
            "min": 2051537.0,
            "max": 2051537.0,
            "q25": 2051537.0,
            "q75": 2051537.0,
            "iqr": 0.0
        }
    },
    "overall": {
        "n_users": 2,
        "improve_rate_mae": 1.0,
        "n_improved": 2,
        "n_degraded": 0,
        "gain_mean_improved": 10.927034202581385,
        "gain_median_improved": 10.927034202581385,
        "best_user": {
            "user_id": "p005172_1",
            "gain": 17.227672019180947,
            "g_mae": 21.3426304804593,
            "ewc_mae": 4.114958461278352
        },
        "worst_user": {
            "user_id": "p000750_1",
            "gain": 4.626396385981826,
            "g_mae": 8.46801491820079,
            "ewc_mae": 3.841618532218964
        }
    }
}