{
    "columns": {
        "gain_mae": {
            "n": 144,
            "mean": 4.284751494220517,
            "std": 7.073221372945353,
            "median": 2.2293442333028066,
            "min": -8.97417811228304,
            "max": 27.71247048125745,
            "q25": -0.37574967633291223,
            "q75": 7.428416242460123,
            "iqr": 7.804165918793036
        },
        "forget": {
            "n": 144,
            "mean": 0.9734783319882622,
            "std": 3.381434310840813,
            "median": 0.3294971227144545,
            "min": -10.291352545177322,
            "max": 15.34341524702084,
            "q25": -0.6246831520578793,
            "q75": 2.4406651655547016,
            "iqr": 3.065348317612581
        },
        "g_mae": {
            "n": 144,
            "mean": 14.341376872231447,
            "std": 8.849236250321907,
            "median": 12.217980263535116,
            "min": 4.739746388518389,
            "max": 44.06149415165617,
            "q25": 7.745521578081356,
            "q75": 18.098878795856685,
            "iqr": 10.35335721777533
        },
        "g_rmse": {
            "n": 144,
            "mean": 16.341253500924694,
            "std": 8.981739053537083,
            "median": 14.387939558686085,
            "min": 5.519585253948407,
            "max": 46.95757438349049,
            "q25": 9.51188261912328,
            "q75": 20.012437412905822,
            "iqr": 10.500554793782541
        },
        "g_r2": {
            "n": 144,
            "mean": -6.572487800493765,
            "std": 14.661482499845164,
            "median": -1.5475873797020876,
            "min": -99.03991193266108,
            "max": 0.9065657974080283,
            "q25": -5.487394415215652,
            "q75": 0.05638466348838461,
            "iqr": 5.543779078704037
        },
        "ft_mae": {
            "n": 144,
            "mean": 9.469874431276642,
            "std": 5.337371886490486,
            "median": 7.915192965938003,
            "min": 2.619634304046623,
            "max": 37.432803758324305,
            "q25": 6.11968142778606,
            "q75": 11.486545469319795,
            "iqr": 5.366864041533735
        },
        "ft_rmse": {
            "n": 144,
            "mean": 11.464146650475076,
            "std": 5.784416928205568,
            "median": 9.858166837838251,
            "min": 3.2991437761517823,
            "max": 41.02604259505302,
            "q25": 7.45147705085487,
            "q75": 14.03492567246118,
            "iqr": 6.583448621606309
        },
        "ft_r2": {
            "n": 144,
            "mean": -1.8747827829135622,
            "std": 5.736903349408534,
            "median": -0.18733668024013073,
            "min": -48.058781208509465,
            "max": 0.9135018583955499,
            "q25": -2.125300858248536,
            "q75": 0.3611514563105526,
            "iqr": 2.4864523145590884
        },
        "ewc_mae": {
            "n": 144,
            "mean": 10.056625378010931,
            "std": 5.707052837510696,
            "median": 8.240034788838337,
            "min": 3.390619498437137,
            "max": 35.669450968574594,
            "q25": 6.271077498729449,
            "q75": 12.189324209976096,
            "iqr": 5.918246711246647
        },
        "ewc_rmse": {
            "n": 144,
            "mean": 11.998336881720348,
            "std": 6.1683615242216625,
            "median": 10.184156688429185,
            "min": 4.315771297077708,
            "max": 38.640981524801745,
            "q25": 7.901270805995548,
            "q75": 14.341903134052115,
            "iqr": 6.440632328056568
        },
        "ewc_r2": {
            "n": 144,
            "mean": -2.0398984264924818,
            "std": 6.093912927745071,
            "median": -0.34460428225179585,
            "min": -56.60119471785946,
            "max": 0.9135018583955499,
            "q25": -2.129474712891694,
            "q75": 0.3001678779681529,
            "iqr": 2.429642590859847
        },
        "trainable_params": {
            "n": 144,
            "mean": 2051537.0,
            "std": 0.0,
            "median": 2051537.0,
            "min": 2051537.0,
            "max": 2051537.0,
            "q25": 2051537.0,
            "q75": 2051537.0,
            "iqr": 0.0
        }
    },
    "overall": {
        "n_users": 144,
        "improve_rate_mae": 0.7152777777777778,
        "n_improved": 103,
        "n_degraded": 41,
        "gain_mean_improved": 6.907116814032183,
        "gain_median_improved": 4.825192004704746,
        "gain_mean_degraded": -2.303141870184403,
        "gain_median_degraded": -2.001849555969237,
        "best_user": {
            "user_id": "p001885_1",
            "gain": 27.71247048125745,
            "g_mae": 32.636873796274664,
            "ewc_mae": 4.924403315017211
        },
        "worst_user": {
            "user_id": "p001764_1",
            "gain": -8.97417811228304,
            "g_mae": 13.67133787441457,
            "ewc_mae": 22.64551598669761
        }
    }
}