{
    "columns": {
        "gain_mae": {
            "n": 144,
            "mean": 3.5694189317883516,
            "std": 5.992621740836617,
            "median": 2.40445606967753,
            "min": -8.974180401101398,
            "max": 27.295647541862706,
            "q25": -0.40609015525875414,
            "q75": 6.8386861790936075,
            "iqr": 7.244776334352362
        },
        "forget": {
            "n": 144,
            "mean": 0.5150233981549024,
            "std": 2.501828222689161,
            "median": 0.2472902938713073,
            "min": -9.018998416280768,
            "max": 12.743914114055752,
            "q25": -0.6816278711264783,
            "q75": 1.550463032889942,
            "iqr": 2.2320909040164203
        },
        "g_mae": {
            "n": 144,
            "mean": 14.34137684971414,
            "std": 8.849236158204315,
            "median": 12.21797988206539,
            "min": 4.73974524410921,
            "max": 44.06149281651213,
            "q25": 7.745521196611629,
            "q75": 18.098879797214718,
            "iqr": 10.353358600603087
        },
        "g_rmse": {
            "n": 144,
            "mean": 16.341253528892153,
            "std": 8.98173897575906,
            "median": 14.387940285754354,
            "min": 5.519583895843131,
            "max": 46.95757531362878,
            "q25": 9.511883295660244,
            "q75": 20.012438196022828,
            "iqr": 10.500554900362584
        },
        "g_r2": {
            "n": 144,
            "mean": -6.5724878008005,
            "std": 14.661482596285591,
            "median": -1.5475876169826062,
            "min": -99.03991619692425,
            "max": 0.9065657605902516,
            "q25": -5.487394648474104,
            "q75": 0.05638457362897609,
            "iqr": 5.54377922210308
        },
        "ft_mae": {
            "n": 144,
            "mean": 9.469874582275073,
            "std": 5.337372624460378,
            "median": 7.9151924891008445,
            "min": 2.6196331596374436,
            "max": 37.432805093468346,
            "q25": 6.119682238409228,
            "q75": 11.48654394344089,
            "iqr": 5.366861705031661
        },
        "ft_rmse": {
            "n": 144,
            "mean": 11.464146710665258,
            "std": 5.784417542640835,
            "median": 9.858166697731956,
            "min": 3.299142874742711,
            "max": 41.02604366995619,
            "q25": 7.451477662109528,
            "q75": 14.034927725850629,
            "iqr": 6.583450063741101
        },
        "ft_r2": {
            "n": 144,
            "mean": -1.874783179311888,
            "std": 5.736906870466038,
            "median": -0.1873370091929809,
            "min": -48.05884201324124,
            "max": 0.9135018677673161,
            "q25": -2.125301059354224,
            "q75": 0.36115134522926856,
            "iqr": 2.486452404583493
        },
        "ewc_mae": {
            "n": 144,
            "mean": 10.771957917925786,
            "std": 6.273111894536159,
            "median": 8.68970753119245,
            "min": 3.363392145148533,
            "max": 36.03830835230262,
            "q25": 6.632195096685561,
            "q75": 12.967273650058845,
            "iqr": 6.335078553373283
        },
        "ewc_rmse": {
            "n": 144,
            "mean": 12.756606518954735,
            "std": 6.689697084230786,
            "median": 10.853516272309028,
            "min": 4.31577181901277,
            "max": 37.62670203945232,
            "q25": 8.399497487596618,
            "q75": 15.31615122322133,
            "iqr": 6.916653735624713
        },
        "ewc_r2": {
            "n": 144,
            "mean": -2.730888665052564,
            "std": 6.913447044693058,
            "median": -0.3977157662631686,
            "min": -57.48480406615857,
            "max": 0.9135018677673161,
            "q25": -2.5529548871009826,
            "q75": 0.24200428033356944,
            "iqr": 2.794959167434552
        },
        "trainable_params": {
            "n": 144,
            "mean": 2051537.0,
            "std": 0.0,
            "median": 2051537.0,
            "min": 2051537.0,
            "max": 2051537.0,
            "q25": 2051537.0,
            "q75": 2051537.0,
            "iqr": 0.0
        }
    },
    "overall": {
        "n_users": 144,
        "improve_rate_mae": 0.6736111111111112,
        "n_improved": 97,
        "n_degraded": 47,
        "gain_mean_improved": 6.286585160724972,
        "gain_median_improved": 4.806724303781044,
        "gain_mean_degraded": -2.038349668357435,
        "gain_median_degraded": -1.764055878625193,
        "best_user": {
            "user_id": "p001885_1",
            "gain": 27.295647541862706,
            "g_mae": 32.63687455921412,
            "ewc_mae": 5.341227017351413
        },
        "worst_user": {
            "user_id": "p001764_1",
            "gain": -8.974180401101398,
            "g_mae": 13.6713361578008,
            "ewc_mae": 22.645516558902198
        }
    }
}