{
    "columns": {
        "gain_mae": {
            "n": 144,
            "mean": 4.694734415164163,
            "std": 7.534357794658282,
            "median": 2.6562847286781577,
            "min": -8.974180401101398,
            "max": 27.86106053278701,
            "q25": -0.24200362435728784,
            "q75": 7.634229528612336,
            "iqr": 7.876233152969624
        },
        "forget": {
            "n": 144,
            "mean": 1.4251555746883318,
            "std": 4.119399304928611,
            "median": 0.5491382848432877,
            "min": -11.367896429772845,
            "max": 17.64123003750983,
            "q25": -0.5695132393602984,
            "q75": 2.9673762091785636,
            "iqr": 3.536889448538862
        },
        "g_mae": {
            "n": 144,
            "mean": 14.34137684971414,
            "std": 8.849236158204315,
            "median": 12.21797988206539,
            "min": 4.73974524410921,
            "max": 44.06149281651213,
            "q25": 7.745521196611629,
            "q75": 18.098879797214718,
            "iqr": 10.353358600603087
        },
        "g_rmse": {
            "n": 144,
            "mean": 16.341253528892153,
            "std": 8.98173897575906,
            "median": 14.387940285754354,
            "min": 5.519583895843131,
            "max": 46.95757531362878,
            "q25": 9.511883295660244,
            "q75": 20.012438196022828,
            "iqr": 10.500554900362584
        },
        "g_r2": {
            "n": 144,
            "mean": -6.5724878008005,
            "std": 14.661482596285591,
            "median": -1.5475876169826062,
            "min": -99.03991619692425,
            "max": 0.9065657605902516,
            "q25": -5.487394648474104,
            "q75": 0.05638457362897609,
            "iqr": 5.54377922210308
        },
        "ft_mae": {
            "n": 144,
            "mean": 9.469874582275073,
            "std": 5.337372624460378,
            "median": 7.9151924891008445,
            "min": 2.6196331596374436,
            "max": 37.432805093468346,
            "q25": 6.119682238409228,
            "q75": 11.48654394344089,
            "iqr": 5.366861705031661
        },
        "ft_rmse": {
            "n": 144,
            "mean": 11.464146710665258,
            "std": 5.784417542640835,
            "median": 9.858166697731956,
            "min": 3.299142874742711,
            "max": 41.02604366995619,
            "q25": 7.451477662109528,
            "q75": 14.034927725850629,
            "iqr": 6.583450063741101
        },
        "ft_r2": {
            "n": 144,
            "mean": -1.874783179311888,
            "std": 5.736906870466038,
            "median": -0.1873370091929809,
            "min": -48.05884201324124,
            "max": 0.9135018677673161,
            "q25": -2.125301059354224,
            "q75": 0.36115134522926856,
            "iqr": 2.486452404583493
        },
        "ewc_mae": {
            "n": 144,
            "mean": 9.646642434549975,
            "std": 5.455437941221349,
            "median": 8.084874248352776,
            "min": 2.948771571410261,
            "max": 36.2292246569585,
            "q25": 6.285325201088093,
            "q75": 12.068995698544795,
            "iqr": 5.7836704974567015
        },
        "ewc_rmse": {
            "n": 144,
            "mean": 11.617341124440781,
            "std": 5.948378584554043,
            "median": 10.254686405072805,
            "min": 3.9677820117845557,
            "max": 39.9306117446882,
            "q25": 7.524133373753821,
            "q75": 14.07492617357001,
            "iqr": 6.550792799816189
        },
        "ewc_r2": {
            "n": 144,
            "mean": -1.877968024740746,
            "std": 6.041021239264376,
            "median": -0.23750861825503222,
            "min": -56.600993483943746,
            "max": 0.9135018677673161,
            "q25": -2.2271006171365313,
            "q75": 0.31055824927469444,
            "iqr": 2.537658866411226
        },
        "trainable_params": {
            "n": 144,
            "mean": 2051537.0,
            "std": 0.0,
            "median": 2051537.0,
            "min": 2051537.0,
            "max": 2051537.0,
            "q25": 2051537.0,
            "q75": 2051537.0,
            "iqr": 0.0
        }
    },
    "overall": {
        "n_users": 144,
        "improve_rate_mae": 0.7152777777777778,
        "n_improved": 103,
        "n_degraded": 41,
        "gain_mean_improved": 7.434959432252912,
        "gain_median_improved": 4.883130089964567,
        "gain_mean_degraded": -2.1892455058148865,
        "gain_median_degraded": -1.8012350229510394,
        "best_user": {
            "user_id": "p004833_1",
            "gain": 27.86106053278701,
            "g_mae": 31.053058920643288,
            "ewc_mae": 3.191998387856277
        },
        "worst_user": {
            "user_id": "p001764_1",
            "gain": -8.974180401101398,
            "g_mae": 13.6713361578008,
            "ewc_mae": 22.645516558902198
        }
    }
}