{
    "columns": {
        "gain_mae": {
            "n": 10,
            "mean": 6.179941901906662,
            "std": 7.902219606143112,
            "median": 4.18207911000726,
            "min": -2.4875651648320236,
            "max": 22.70191089745003,
            "q25": 0.7784179899197481,
            "q75": 8.761364469882627,
            "iqr": 7.982946479962879
        },
        "forget": {
            "n": 10,
            "mean": 3.775684041685154,
            "std": 4.114648548757501,
            "median": 2.1587886586385547,
            "min": -0.009750394475537938,
            "max": 12.399489421927358,
            "q25": 0.9827134768434138,
            "q75": 5.979678633478599,
            "iqr": 4.996965156635185
        },
        "g_mae": {
            "n": 10,
            "mean": 15.100629009218537,
            "std": 9.515875284978327,
            "median": 12.364370089890283,
            "min": 7.176606485590733,
            "max": 38.82567446981836,
            "q25": 8.988662491135235,
            "q75": 17.112705632156878,
            "iqr": 8.124043141021643
        },
        "g_rmse": {
            "n": 10,
            "mean": 16.693171148170528,
            "std": 9.426173884136423,
            "median": 13.61393401706805,
            "min": 8.530944589564044,
            "max": 39.90027866681727,
            "q25": 10.776329467751498,
            "q75": 19.237246580377736,
            "iqr": 8.460917112626237
        },
        "g_r2": {
            "n": 10,
            "mean": -8.249797086055503,
            "std": 9.144806100777158,
            "median": -6.151601787693458,
            "min": -27.048604818231837,
            "max": 0.2814748180153256,
            "q25": -10.879774908348711,
            "q75": -0.7446544639000342,
            "iqr": 10.135120444448678
        },
        "ft_mae": {
            "n": 10,
            "mean": 9.371945429816453,
            "std": 3.710045771876614,
            "median": 9.343243532398493,
            "min": 3.8753579341521194,
            "max": 16.839135611418918,
            "q25": 7.9247881786895515,
            "q75": 10.795230061862407,
            "iqr": 2.8704418831728553
        },
        "ft_rmse": {
            "n": 10,
            "mean": 11.153260237287256,
            "std": 4.259087833265052,
            "median": 10.933781318665773,
            "min": 4.975926749720079,
            "max": 19.04316516083441,
            "q25": 9.411662309483349,
            "q75": 13.175732604833083,
            "iqr": 3.7640702953497343
        },
        "ft_r2": {
            "n": 10,
            "mean": -2.8975880830799277,
            "std": 4.897246414873057,
            "median": -0.9572716620454429,
            "min": -15.982355366457295,
            "max": 0.16408730729709886,
            "q25": -3.6246528420849997,
            "q75": -0.2215413106927966,
            "iqr": 3.403111531392203
        },
        "ewc_mae": {
            "n": 10,
            "mean": 8.920687107311878,
            "std": 3.8575030664621837,
            "median": 9.369551359487383,
            "min": 3.8334736711951707,
            "max": 16.12376357236833,
            "q25": 5.980968567318575,
            "q75": 10.991341884067019,
            "iqr": 5.010373316748444
        },
        "ewc_rmse": {
            "n": 10,
            "mean": 10.683375598147313,
            "std": 4.556214372399055,
            "median": 10.975032091847995,
            "min": 4.662521574938888,
            "max": 18.563372645589205,
            "q25": 6.945152381689423,
            "q75": 13.276472977095112,
            "iqr": 6.331320595405689
        },
        "ewc_r2": {
            "n": 10,
            "mean": -2.5789184546653354,
            "std": 4.944650525618106,
            "median": -0.9383815848833149,
            "min": -15.986191293870771,
            "max": 0.1807859111451805,
            "q25": -1.8853354360651988,
            "q75": 0.021409735938070357,
            "iqr": 1.906745172003269
        },
        "trainable_params": {
            "n": 10,
            "mean": 2051537.0,
            "std": 0.0,
            "median": 2051537.0,
            "min": 2051537.0,
            "max": 2051537.0,
            "q25": 2051537.0,
            "q75": 2051537.0,
            "iqr": 0.0
        }
    },
    "overall": {
        "n_users": 10,
        "improve_rate_mae": 0.8,
        "n_improved": 8,
        "n_degraded": 2,
        "gain_mean_improved": 8.073685832285475,
        "gain_median_improved": 5.405061780236698,
        "gain_mean_degraded": -1.3950338196085994,
        "gain_median_degraded": -1.3950338196085994,
        "best_user": {
            "user_id": "p000205_1",
            "gain": 22.70191089745003,
            "g_mae": 38.82567446981836,
            "ewc_mae": 16.12376357236833
        },
        "worst_user": {
            "user_id": "p004135_1",
            "gain": -2.4875651648320236,
            "g_mae": 7.176606485590733,
            "ewc_mae": 9.664171650422757
        }
    }
}