{
    "columns": {
        "gain_mae": {
            "n": 144,
            "mean": 3.0416342221307113,
            "std": 5.4393576173918845,
            "median": 1.9980832764821645,
            "min": -7.542212396876104,
            "max": 26.977860099535633,
            "q25": -0.3608459607765435,
            "q75": 5.62937035457583,
            "iqr": 5.990216315352374
        },
        "forget": {
            "n": 144,
            "mean": 0.706577196042681,
            "std": 2.203287210718533,
            "median": 0.3656333769197364,
            "min": -8.246860883706416,
            "max": 11.530875447840835,
            "q25": -0.3547950397316755,
            "q75": 1.582533557046657,
            "iqr": 1.9373285967783325
        },
        "g_mae": {
            "n": 144,
            "mean": 14.341376872231447,
            "std": 8.849236250321907,
            "median": 12.217980263535116,
            "min": 4.739746388518389,
            "max": 44.06149415165617,
            "q25": 7.745521578081356,
            "q75": 18.098878795856685,
            "iqr": 10.35335721777533
        },
        "g_rmse": {
            "n": 144,
            "mean": 16.341253500924694,
            "std": 8.981739053537083,
            "median": 14.387939558686085,
            "min": 5.519585253948407,
            "max": 46.95757438349049,
            "q25": 9.51188261912328,
            "q75": 20.012437412905822,
            "iqr": 10.500554793782541
        },
        "g_r2": {
            "n": 144,
            "mean": -6.572487800493765,
            "std": 14.661482499845164,
            "median": -1.5475873797020876,
            "min": -99.03991193266108,
            "max": 0.9065657974080283,
            "q25": -5.487394415215652,
            "q75": 0.05638466348838461,
            "iqr": 5.543779078704037
        },
        "ft_mae": {
            "n": 144,
            "mean": 9.469874431276642,
            "std": 5.337371886490486,
            "median": 7.915192965938003,
            "min": 2.619634304046623,
            "max": 37.432803758324305,
            "q25": 6.11968142778606,
            "q75": 11.486545469319795,
            "iqr": 5.366864041533735
        },
        "ft_rmse": {
            "n": 144,
            "mean": 11.464146650475076,
            "std": 5.784416928205568,
            "median": 9.858166837838251,
            "min": 3.2991437761517823,
            "max": 41.02604259505302,
            "q25": 7.45147705085487,
            "q75": 14.03492567246118,
            "iqr": 6.583448621606309
        },
        "ft_r2": {
            "n": 144,
            "mean": -1.8747827829135622,
            "std": 5.736903349408534,
            "median": -0.18733668024013073,
            "min": -48.058781208509465,
            "max": 0.9135018583955499,
            "q25": -2.125300858248536,
            "q75": 0.3611514563105526,
            "iqr": 2.4864523145590884
        },
        "ewc_mae": {
            "n": 144,
            "mean": 11.299742650100736,
            "std": 6.601685991583672,
            "median": 9.074377301249974,
            "min": 3.1139143154449926,
            "max": 37.802373205153835,
            "q25": 6.656016229075174,
            "q75": 13.997483712686982,
            "iqr": 7.341467483611808
        },
        "ewc_rmse": {
            "n": 144,
            "mean": 13.295865232339072,
            "std": 7.039506946046621,
            "median": 11.150692365418749,
            "min": 4.145876930624482,
            "max": 39.470661046063626,
            "q25": 8.238874915367909,
            "q75": 16.176061799553867,
            "iqr": 7.937186884185959
        },
        "ewc_r2": {
            "n": 144,
            "mean": -3.1503780212549675,
            "std": 7.6069566689823,
            "median": -0.5472980701972434,
            "min": -54.79376392525018,
            "max": 0.9135018583955499,
            "q25": -2.8668090173241048,
            "q75": 0.13117776766688496,
            "iqr": 2.9979867849909896
        },
        "trainable_params": {
            "n": 144,
            "mean": 2051537.0,
            "std": 0.0,
            "median": 2051537.0,
            "min": 2051537.0,
            "max": 2051537.0,
            "q25": 2051537.0,
            "q75": 2051537.0,
            "iqr": 0.0
        }
    },
    "overall": {
        "n_users": 144,
        "improve_rate_mae": 0.6805555555555556,
        "n_improved": 98,
        "n_degraded": 46,
        "gain_mean_improved": 5.445196359829485,
        "gain_median_improved": 4.699344551763309,
        "gain_mean_degraded": -2.0789981581840675,
        "gain_median_degraded": -1.6875888846469302,
        "best_user": {
            "user_id": "p001885_1",
            "gain": 26.977860099535633,
            "g_mae": 32.636873796274664,
            "ewc_mae": 5.6590136967390325
        },
        "worst_user": {
            "user_id": "p004426_1",
            "gain": -7.542212396876104,
            "g_mae": 7.935062081537441,
            "ewc_mae": 15.477274478413545
        }
    }
}