{
    "columns": {
        "trainable_params": {
            "n": 144,
            "mean": 6764545.0,
            "std": 0.0,
            "median": 6764545.0,
            "min": 6764545.0,
            "max": 6764545.0,
            "q25": 6764545.0,
            "q75": 6764545.0,
            "iqr": 0.0
        },
        "gain_global_eval": {
            "n": 144,
            "mean": 0.0,
            "std": 0.0,
            "median": 0.0,
            "min": 0.0,
            "max": 0.0,
            "q25": 0.0,
            "q75": 0.0,
            "iqr": 0.0
        },
        "gain_seq_ft": {
            "n": 144,
            "mean": 4.918165683746338,
            "std": 6.8236260414123535,
            "median": 2.4136223793029785,
            "min": -7.638436794281006,
            "max": 29.52420425415039,
            "q25": 0.3368346691131592,
            "q75": 8.092175483703613,
            "iqr": 7.755340814590454
        },
        "gain_seq_ewc": {
            "n": 144,
            "mean": 4.29407262802124,
            "std": 6.061494827270508,
            "median": 2.438955783843994,
            "min": -7.377247333526611,
            "max": 28.902145385742188,
            "q25": 0.013667583465576172,
            "q75": 7.0822776556015015,
            "iqr": 7.068610072135925
        },
        "gain_seq_replay": {
            "n": 144,
            "mean": 4.7685322761535645,
            "std": 7.0053300857543945,
            "median": 2.3085081577301025,
            "min": -7.42622709274292,
            "max": 29.22171974182129,
            "q25": 0.14225804805755615,
            "q75": 7.307613253593445,
            "iqr": 7.165355205535889
        },
        "gain_seq_hybrid": {
            "n": 144,
            "mean": 4.286259651184082,
            "std": 6.307300090789795,
            "median": 2.774768114089966,
            "min": -5.274931907653809,
            "max": 27.216962814331055,
            "q25": 0.0022569894790649414,
            "q75": 6.588595986366272,
            "iqr": 6.586338996887207
        },
        "global_eval_test_me": {
            "n": 144,
            "mean": 2.2142295837402344,
            "std": 15.877998352050781,
            "median": 1.9629716873168945,
            "min": -33.58596420288086,
            "max": 44.061492919921875,
            "q25": -8.785552024841309,
            "q75": 11.926748991012573,
            "iqr": 20.712301015853882
        },
        "global_eval_test_sd": {
            "n": 144,
            "mean": 8.932807922363281,
            "std": 3.4892053604125977,
            "median": 8.2205810546875,
            "min": 3.365823268890381,
            "max": 22.139373779296875,
            "q25": 6.415248870849609,
            "q75": 10.795367240905762,
            "iqr": 4.380118370056152
        },
        "global_eval_test_mae": {
            "n": 144,
            "mean": 14.341376304626465,
            "std": 8.849234580993652,
            "median": 12.217979431152344,
            "min": 4.73974609375,
            "max": 44.061492919921875,
            "q25": 7.745521783828735,
            "q75": 18.098878860473633,
            "iqr": 10.353357076644897
        },
        "global_eval_test_rmse": {
            "n": 144,
            "mean": 16.34125518798828,
            "std": 8.981739044189453,
            "median": 14.387939453125,
            "min": 5.519585132598877,
            "max": 46.95757293701172,
            "q25": 9.51188325881958,
            "q75": 20.012437343597412,
            "iqr": 10.500554084777832
        },
        "global_eval_test_r2": {
            "n": 144,
            "mean": -6.572487308333318,
            "std": 14.661481004350438,
            "median": -1.547587275505066,
            "min": -99.0399169921875,
            "max": 0.90656578540802,
            "q25": -5.487394332885742,
            "q75": 0.05638471245765686,
            "iqr": 5.543779045343399
        },
        "seq_ft_test_me": {
            "n": 144,
            "mean": 1.7936477661132812,
            "std": 9.5386323928833,
            "median": 1.2743083238601685,
            "min": -32.0640983581543,
            "max": 42.52254104614258,
            "q25": -3.584311783313751,
            "q75": 5.701829671859741,
            "iqr": 9.286141455173492
        },
        "seq_ft_test_sd": {
            "n": 144,
            "mean": 8.029205322265625,
            "std": 3.4257099628448486,
            "median": 7.2851338386535645,
            "min": 2.6985182762145996,
            "max": 19.517452239990234,
            "q25": 5.624736905097961,
            "q75": 9.7356116771698,
            "iqr": 4.110874772071838
        },
        "seq_ft_test_mae": {
            "n": 144,
            "mean": 9.423211097717285,
            "std": 6.065176963806152,
            "median": 7.211148738861084,
            "min": 2.7350449562072754,
            "max": 42.52254104614258,
            "q25": 5.60353422164917,
            "q75": 11.369922876358032,
            "iqr": 5.766388654708862
        },
        "seq_ft_test_rmse": {
            "n": 144,
            "mean": 11.32493782043457,
            "std": 6.459763526916504,
            "median": 9.53326416015625,
            "min": 3.4755983352661133,
            "max": 46.358741760253906,
            "q25": 7.19378399848938,
            "q75": 13.787435054779053,
            "iqr": 6.593651056289673
        },
        "seq_ft_test_r2": {
            "n": 144,
            "mean": -1.995806774745385,
            "std": 6.369270381534958,
            "median": -0.18627572059631348,
            "min": -55.22966384887695,
            "max": 0.8887430429458618,
            "q25": -1.5636592507362366,
            "q75": 0.45180030167102814,
            "iqr": 2.0154595524072647
        },
        "seq_ft_forget": {
            "n": 144,
            "mean": 1.1392716748846903,
            "std": 2.63590818000875,
            "median": 0.8944565057754517,
            "min": -8.668454647064209,
            "max": 10.033890724182129,
            "q25": -0.037752389907836914,
            "q75": 2.285330593585968,
            "iqr": 2.323082983493805
        },
        "seq_ewc_test_me": {
            "n": 144,
            "mean": 1.9198867082595825,
            "std": 10.293232917785645,
            "median": 1.047860860824585,
            "min": -33.706424713134766,
            "max": 39.54530715942383,
            "q25": -3.7163743376731873,
            "q75": 5.908699154853821,
            "iqr": 9.625073492527008
        },
        "seq_ewc_test_sd": {
            "n": 144,
            "mean": 8.228358268737793,
            "std": 3.463613510131836,
            "median": 7.58047342300415,
            "min": 3.036302089691162,
            "max": 21.40385627746582,
            "q25": 5.732806921005249,
            "q75": 9.928243398666382,
            "iqr": 4.195436477661133
        },
        "seq_ewc_test_mae": {
            "n": 144,
            "mean": 10.0473051071167,
            "std": 6.391839504241943,
            "median": 7.787530899047852,
            "min": 3.3141891956329346,
            "max": 39.54530715942383,
            "q25": 6.074466586112976,
            "q75": 11.789788722991943,
            "iqr": 5.715322136878967
        },
        "seq_ewc_test_rmse": {
            "n": 144,
            "mean": 11.974641799926758,
            "std": 6.741183757781982,
            "median": 10.145620346069336,
            "min": 4.1809000968933105,
            "max": 43.282020568847656,
            "q25": 7.5194302797317505,
            "q75": 14.07367992401123,
            "iqr": 6.55424964427948
        },
        "seq_ewc_test_r2": {
            "n": 144,
            "mean": -2.352274787094858,
            "std": 6.834180043824328,
            "median": -0.3989357352256775,
            "min": -55.91727828979492,
            "max": 0.9209086298942566,
            "q25": -1.7800403833389282,
            "q75": 0.3454463928937912,