{
    "columns": {
        "gain_mae": {
            "n": 144,
            "mean": 4.413286624265625,
            "std": 7.151159566873974,
            "median": 2.259245882270495,
            "min": -8.974180401101398,
            "max": 27.372462777259862,
            "q25": -0.11041818779378398,
            "q75": 7.582214356622148,
            "iqr": 7.6926325444159325
        },
        "forget": {
            "n": 144,
            "mean": 1.122788417030271,
            "std": 3.6386333617109723,
            "median": 0.3788467372305595,
            "min": -10.457714163219315,
            "max": 15.70335577589047,
            "q25": -0.6605462114067127,
            "q75": 2.7169365573306252,
            "iqr": 3.377482768737338
        },
        "g_mae": {
            "n": 144,
            "mean": 14.34137684971414,
            "std": 8.849236158204315,
            "median": 12.21797988206539,
            "min": 4.73974524410921,
            "max": 44.06149281651213,
            "q25": 7.745521196611629,
            "q75": 18.098879797214718,
            "iqr": 10.353358600603087
        },
        "g_rmse": {
            "n": 144,
            "mean": 16.341253528892153,
            "std": 8.98173897575906,
            "median": 14.387940285754354,
            "min": 5.519583895843131,
            "max": 46.95757531362878,
            "q25": 9.511883295660244,
            "q75": 20.012438196022828,
            "iqr": 10.500554900362584
        },
        "g_r2": {
            "n": 144,
            "mean": -6.5724878008005,
            "std": 14.661482596285591,
            "median": -1.5475876169826062,
            "min": -99.03991619692425,
            "max": 0.9065657605902516,
            "q25": -5.487394648474104,
            "q75": 0.05638457362897609,
            "iqr": 5.54377922210308
        },
        "ft_mae": {
            "n": 144,
            "mean": 9.469874582275073,
            "std": 5.337372624460378,
            "median": 7.9151924891008445,
            "min": 2.6196331596374436,
            "max": 37.432805093468346,
            "q25": 6.119682238409228,
            "q75": 11.48654394344089,
            "iqr": 5.366861705031661
        },
        "ft_rmse": {
            "n": 144,
            "mean": 11.464146710665258,
            "std": 5.784417542640835,
            "median": 9.858166697731956,
            "min": 3.299142874742711,
            "max": 41.02604366995619,
            "q25": 7.451477662109528,
            "q75": 14.034927725850629,
            "iqr": 6.583450063741101
        },
        "ft_r2": {
            "n": 144,
            "mean": -1.874783179311888,
            "std": 5.736906870466038,
            "median": -0.1873370091929809,
            "min": -48.05884201324124,
            "max": 0.9135018677673161,
            "q25": -2.125301059354224,
            "q75": 0.36115134522926856,
            "iqr": 2.486452404583493
        },
        "ewc_mae": {
            "n": 144,
            "mean": 9.928090225448512,
            "std": 5.608759601236421,
            "median": 8.170717529936379,
            "min": 3.390619689172,
            "max": 35.66939813501746,
            "q25": 6.277743624150811,
            "q75": 12.102045631478306,
            "iqr": 5.824302007327495
        },
        "ewc_rmse": {
            "n": 144,
            "mean": 11.88394891054292,
            "std": 6.080913750837525,
            "median": 10.303922754374039,
            "min": 4.31577181901277,
            "max": 39.0665216377564,
            "q25": 7.956091065505549,
            "q75": 14.49692064036624,
            "iqr": 6.54082957486069
        },
        "ewc_r2": {
            "n": 144,
            "mean": -1.9919717821775933,
            "std": 6.076841999296719,
            "median": -0.3201954014645798,
            "min": -56.600993483943746,
            "max": 0.9135018677673161,
            "q25": -2.188762698139055,
            "q75": 0.31782995142492554,
            "iqr": 2.5065926495639808
        },
        "trainable_params": {
            "n": 144,
            "mean": 2051537.0,
            "std": 0.0,
            "median": 2051537.0,
            "min": 2051537.0,
            "max": 2051537.0,
            "q25": 2051537.0,
            "q75": 2051537.0,
            "iqr": 0.0
        }
    },
    "overall": {
        "n_users": 144,
        "improve_rate_mae": 0.7361111111111112,
        "n_improved": 106,
        "n_degraded": 38,
        "gain_mean_improved": 6.831810915987377,
        "gain_median_improved": 4.797096619120137,
        "gain_mean_degraded": -2.333123242116107,
        "gain_median_degraded": -1.9054958796304162,
        "best_user": {
            "user_id": "p004795_1",
            "gain": 27.372462777259862,
            "g_mae": 33.10100131247064,
            "ewc_mae": 5.728538535210781
        },
        "worst_user": {
            "user_id": "p001764_1",
            "gain": -8.974180401101398,
            "g_mae": 13.6713361578008,
            "ewc_mae": 22.645516558902198
        }
    }
}