{
    "columns": {
        "gain_mae": {
            "n": 10,
            "mean": 4.183132965176756,
            "std": 10.361855058376815,
            "median": 2.4052784052058116,
            "min": -12.596831552576823,
            "max": 22.70191089745003,
            "q25": -1.5967279428214773,
            "q75": 7.288879013768219,
            "iqr": 8.885606956589697
        },
        "forget": {
            "n": 10,
            "mean": 3.775684041685154,
            "std": 4.114648548757501,
            "median": 2.1587886586385547,
            "min": -0.009750394475537938,
            "max": 12.399489421927358,
            "q25": 0.9827134768434138,
            "q75": 5.979678633478599,
            "iqr": 4.996965156635185
        },
        "g_mae": {
            "n": 10,
            "mean": 15.100629009218537,
            "std": 9.515875284978327,
            "median": 12.364370089890283,
            "min": 7.176606485590733,
            "max": 38.82567446981836,
            "q25": 8.988662491135235,
            "q75": 17.112705632156878,
            "iqr": 8.124043141021643
        },
        "g_rmse": {
            "n": 10,
            "mean": 16.693171148170528,
            "std": 9.426173884136423,
            "median": 13.61393401706805,
            "min": 8.530944589564044,
            "max": 39.90027866681727,
            "q25": 10.776329467751498,
            "q75": 19.237246580377736,
            "iqr": 8.460917112626237
        },
        "g_r2": {
            "n": 10,
            "mean": -8.249797086055503,
            "std": 9.144806100777158,
            "median": -6.151601787693458,
            "min": -27.048604818231837,
            "max": 0.2814748180153256,
            "q25": -10.879774908348711,
            "q75": -0.7446544639000342,
            "iqr": 10.135120444448678
        },
        "ft_mae": {
            "n": 10,
            "mean": 11.020558211913126,
            "std": 7.1180762157450514,
            "median": 9.543675685429701,
            "min": 2.788905982824619,
            "max": 27.700191129837194,
            "q25": 6.523133553045832,
            "q75": 12.185142819459925,
            "iqr": 5.662009266414093
        },
        "ft_rmse": {
            "n": 10,
            "mean": 12.710658280459787,
            "std": 7.241458440655964,
            "median": 11.536096803755175,
            "min": 3.647986312940077,
            "max": 28.27549230160622,
            "q25": 7.682702595126592,
            "q75": 15.907822966150608,
            "iqr": 8.225120371024015
        },
        "ft_r2": {
            "n": 10,
            "mean": -4.966973631261642,
            "std": 9.258317878313404,
            "median": -0.8277895032736476,
            "min": -27.42656923094704,
            "max": 0.260392267567068,
            "q25": -2.09935342438976,
            "q75": -0.28793880619593915,
            "iqr": 1.8114146181938209
        },
        "ewc_mae": {
            "n": 10,
            "mean": 10.917496044041782,
            "std": 6.952583930267738,
            "median": 9.593625703591382,
            "min": 2.779431205230774,
            "max": 27.361668009422274,
            "q25": 6.616323476648788,
            "q75": 12.032904717965902,
            "iqr": 5.416581241317114
        },
        "ewc_rmse": {
            "n": 10,
            "mean": 12.634967527721676,
            "std": 7.081453218239267,
            "median": 11.614112369245909,
            "min": 3.643494359562065,
            "max": 27.928028244124544,
            "q25": 7.783889851577933,
            "q75": 15.722264779290521,
            "iqr": 7.938374927712588
        },
        "ewc_r2": {
            "n": 10,
            "mean": -4.901014572008931,
            "std": 9.071668432167327,
            "median": -0.8629614308538207,
            "min": -26.732220725232803,
            "max": 0.2622125803193338,
            "q25": -2.1140054828963133,
            "q75": -0.30142898866612183,
            "iqr": 1.8125764942301914
        },
        "trainable_params": {
            "n": 10,
            "mean": 2051537.0,
            "std": 0.0,
            "median": 2051537.0,
            "min": 2051537.0,
            "max": 2051537.0,
            "q25": 2051537.0,
            "q75": 2051537.0,
            "iqr": 0.0
        }
    },
    "overall": {
        "n_users": 10,
        "improve_rate_mae": 0.6,
        "n_improved": 6,
        "n_degraded": 4,
        "gain_mean_improved": 9.976916125400924,
        "gain_median_improved": 6.888743734990692,
        "gain_mean_degraded": -4.507541775159497,
        "gain_median_degraded": -2.2840096848565974,
        "best_user": {
            "user_id": "p000205_1",
            "gain": 22.70191089745003,
            "g_mae": 38.82567446981836,
            "ewc_mae": 16.12376357236833
        },
        "worst_user": {
            "user_id": "p001625_1",
            "gain": -12.596831552576823,
            "g_mae": 14.764836456845451,
            "ewc_mae": 27.361668009422274
        }
    }
}