{
    "columns": {
        "gain_mae": {
            "n": 144,
            "mean": 4.435275700548662,
            "std": 8.925488547214265,
            "median": 3.0617301317312466,
            "min": -25.160287696420255,
            "max": 32.996418771020565,
            "q25": -0.4025298799488197,
            "q75": 7.701653940986253,
            "iqr": 8.104183820935072
        },
        "forget": {
            "n": 144,
            "mean": 4.853915386898034,
            "std": 4.687556719098476,
            "median": 3.1700564250584793,
            "min": -1.3210224998564986,
            "max": 21.372437465810926,
            "q25": 1.5076601776819865,
            "q75": 6.8900322635020075,
            "iqr": 5.3823720858200215
        },
        "g_mae": {
            "n": 144,
            "mean": 14.34137684971414,
            "std": 8.849236158204315,
            "median": 12.21797988206539,
            "min": 4.73974524410921,
            "max": 44.06149281651213,
            "q25": 7.745521196611629,
            "q75": 18.098879797214718,
            "iqr": 10.353358600603087
        },
        "g_rmse": {
            "n": 144,
            "mean": 16.341253528892153,
            "std": 8.98173897575906,
            "median": 14.387940285754354,
            "min": 5.519583895843131,
            "max": 46.95757531362878,
            "q25": 9.511883295660244,
            "q75": 20.012438196022828,
            "iqr": 10.500554900362584
        },
        "g_r2": {
            "n": 144,
            "mean": -6.5724878008005,
            "std": 14.661482596285591,
            "median": -1.5475876169826062,
            "min": -99.03991619692425,
            "max": 0.9065657605902516,
            "q25": -5.487394648474104,
            "q75": 0.05638457362897609,
            "iqr": 5.54377922210308
        },
        "ft_mae": {
            "n": 144,
            "mean": 9.885233829027824,
            "std": 6.162821309750608,
            "median": 8.410554697306836,
            "min": 1.9562597819376624,
            "max": 39.78206304329016,
            "q25": 5.676519344804809,
            "q75": 12.174909819410239,
            "iqr": 6.49839047460543
        },
        "ft_rmse": {
            "n": 144,
            "mean": 11.789287165795635,
            "std": 6.651364367976758,
            "median": 10.371924719418441,
            "min": 2.446658333119023,
            "max": 42.805790930255306,
            "q25": 7.3280208276763315,
            "q75": 14.75014786128106,
            "iqr": 7.422127033604729
        },
        "ft_r2": {
            "n": 144,
            "mean": -1.481458935664075,
            "std": 3.957855985762373,
            "median": -0.35277700985730387,
            "min": -33.83599038597198,
            "max": 0.8346591526538388,
            "q25": -1.5625912176903516,
            "q75": 0.30103232659656987,
            "iqr": 1.8636235442869213
        },
        "ewc_mae": {
            "n": 144,
            "mean": 9.906101149165476,
            "std": 6.118031095295012,
            "median": 8.483030998293469,
            "min": 1.93216363724575,
            "max": 39.04834302681066,
            "q25": 5.731627979042693,
            "q75": 12.34600147822308,
            "iqr": 6.614373499180387
        },
        "ewc_rmse": {
            "n": 144,
            "mean": 11.812640900572246,
            "std": 6.609262498757293,
            "median": 10.447445791779426,
            "min": 2.412394111814738,
            "max": 42.074602417508665,
            "q25": 7.263188686930983,
            "q75": 14.833398763781382,
            "iqr": 7.570210076850399
        },
        "ewc_r2": {
            "n": 144,
            "mean": -1.4795618911854174,
            "std": 3.950668429410772,
            "median": -0.3341539639656552,
            "min": -33.743418677418916,
            "max": 0.8346591526538388,
            "q25": -1.562593398907468,
            "q75": 0.30560880031916227,
            "iqr": 1.8682021992266304
        },
        "trainable_params": {
            "n": 144,
            "mean": 2051537.0,
            "std": 0.0,
            "median": 2051537.0,
            "min": 2051537.0,
            "max": 2051537.0,
            "q25": 2051537.0,
            "q75": 2051537.0,
            "iqr": 0.0
        }
    },
    "overall": {
        "n_users": 144,
        "improve_rate_mae": 0.7291666666666666,
        "n_improved": 105,
        "n_degraded": 39,
        "gain_mean_improved": 7.741788895589851,
        "gain_median_improved": 4.983169359237943,
        "gain_mean_degraded": -4.4668752091776165,
        "gain_median_degraded": -2.427916688909364,
        "best_user": {
            "user_id": "p002175_1",
            "gain": 32.996418771020565,
            "g_mae": 44.06149281651213,
            "ewc_mae": 11.065074045491562
        },
        "worst_user": {
            "user_id": "p001543_1",
            "gain": -25.160287696420255,
            "g_mae": 13.88805533039041,
            "ewc_mae": 39.04834302681066
        }
    }
}