{
    "columns": {
        "trainable_params": {
            "n": 144,
            "mean": 2051537.0,
            "std": 0.0,
            "median": 2051537.0,
            "min": 2051537.0,
            "max": 2051537.0,
            "q25": 2051537.0,
            "q75": 2051537.0,
            "iqr": 0.0
        },
        "gain_global_eval": {
            "n": 144,
            "mean": 0.0,
            "std": 0.0,
            "median": 0.0,
            "min": 0.0,
            "max": 0.0,
            "q25": 0.0,
            "q75": 0.0,
            "iqr": 0.0
        },
        "gain_seq_ft": {
            "n": 144,
            "mean": 5.058479309082031,
            "std": 7.959874629974365,
            "median": 2.821728229522705,
            "min": -9.460960388183594,
            "max": 34.4762077331543,
            "q25": 0.014967918395996094,
            "q75": 8.245619773864746,
            "iqr": 8.23065185546875
        },
        "gain_seq_hybrid": {
            "n": 144,
            "mean": 4.861211776733398,
            "std": 7.638570308685303,
            "median": 2.555716037750244,
            "min": -7.230102062225342,
            "max": 32.90400695800781,
            "q25": 0.0038951635360717773,
            "q75": 8.146150350570679,
            "iqr": 8.142255187034607
        },
        "global_eval_test_me": {
            "n": 144,
            "mean": 2.2142295837402344,
            "std": 15.877999305725098,
            "median": 1.9629719257354736,
            "min": -33.58596420288086,
            "max": 44.061492919921875,
            "q25": -8.785552024841309,
            "q75": 11.926748037338257,
            "iqr": 20.712300062179565
        },
        "global_eval_test_sd": {
            "n": 144,
            "mean": 8.932806968688965,
            "std": 3.489205837249756,
            "median": 8.2205810546875,
            "min": 3.365821599960327,
            "max": 22.139375686645508,
            "q25": 6.415248513221741,
            "q75": 10.795366287231445,
            "iqr": 4.380117774009705
        },
        "global_eval_test_mae": {
            "n": 144,
            "mean": 14.341376304626465,
            "std": 8.849235534667969,
            "median": 12.217979431152344,
            "min": 4.739744663238525,
            "max": 44.061492919921875,
            "q25": 7.745521068572998,
            "q75": 18.09887981414795,
            "iqr": 10.353358745574951
        },
        "global_eval_test_rmse": {
            "n": 144,
            "mean": 16.34125518798828,
            "std": 8.98173999786377,
            "median": 14.387940406799316,
            "min": 5.519583225250244,
            "max": 46.957576751708984,
            "q25": 9.511883735656738,
            "q75": 20.012439250946045,
            "iqr": 10.500555515289307
        },
        "global_eval_test_r2": {
            "n": 144,
            "mean": -6.572487325718005,
            "std": 14.661481226079983,
            "median": -1.5475873947143555,
            "min": -99.03992462158203,
            "max": 0.90656578540802,
            "q25": -5.48739492893219,
            "q75": 0.0563846230506897,
            "iqr": 5.54377955198288
        },
        "seq_ft_test_me": {
            "n": 144,
            "mean": 2.6265156269073486,
            "std": 8.374043464660645,
            "median": 1.8781930208206177,
            "min": -24.500293731689453,
            "max": 32.18980026245117,
            "q25": -2.692616581916809,
            "q75": 7.037720561027527,
            "iqr": 9.730337142944336
        },
        "seq_ft_test_sd": {
            "n": 144,
            "mean": 8.315115928649902,
            "std": 3.7399442195892334,
            "median": 7.535246849060059,
            "min": 3.0565593242645264,
            "max": 25.828262329101562,
            "q25": 5.7811866998672485,
            "q75": 10.066222906112671,
            "iqr": 4.285036206245422
        },
        "seq_ft_test_mae": {
            "n": 144,
            "mean": 9.282896041870117,
            "std": 5.1796112060546875,
            "median": 7.467968940734863,
            "min": 2.6651954650878906,
            "max": 32.39445877075195,
            "q25": 5.757756948471069,
            "q75": 10.898244380950928,
            "iqr": 5.140487432479858
        },
        "seq_ft_test_rmse": {
            "n": 144,
            "mean": 11.27567195892334,
            "std": 5.714310169219971,
            "median": 9.635045051574707,
            "min": 3.081057548522949,
            "max": 36.24383544921875,
            "q25": 7.390799522399902,
            "q75": 13.308453559875488,
            "iqr": 5.917654037475586
        },
        "seq_ft_test_r2": {
            "n": 144,
            "mean": -1.4615712265173595,
            "std": 4.317991736201726,
            "median": -0.09618735313415527,
            "min": -36.018062591552734,
            "max": 0.9142984747886658,
            "q25": -1.8933411240577698,
            "q75": 0.35535934567451477,
            "iqr": 2.2487004697322845
        },
        "seq_ft_forget": {
            "n": 144,
            "mean": 3.5117510524060993,
            "std": 4.505296683746473,
            "median": 1.8547072410583496,
            "min": -1.740239143371582,
            "max": 22.308619022369385,
            "q25": 0.6052244901657104,
            "q75": 4.339158058166504,
            "iqr": 3.7339335680007935
        },
        "seq_hybrid_test_me": {
            "n": 144,
            "mean": 2.6928770542144775,
            "std": 8.951753616333008,
            "median": 1.9850490093231201,
            "min": -39.11233139038086,
            "max": 34.47802734375,
            "q25": -2.214524269104004,
            "q75": 6.646550297737122,
            "iqr": 8.861074566841125
        },
        "seq_hybrid_test_sd": {
            "n": 144,
            "mean": 8.366955757141113,
            "std": 3.472405433654785,
            "median": 7.765143394470215,
            "min": 3.092467784881592,
            "max": 23.91026496887207,
            "q25": 5.935324668884277,
            "q75": 9.585913896560669,
            "iqr": 3.6505892276763916
        },
        "seq_hybrid_test_mae": {
            "n": 144,
            "mean": 9.480165481567383,
            "std": 5.73433780670166,
            "median": 7.604515075683594,
            "min": 2.4397146701812744,
            "max": 39.11233139038086,
            "q25": 5.774686574935913,
            "q75": 11.195912599563599,
            "iqr": 5.4212260246276855
        },
        "seq_hybrid_test_rmse": {
            "n": 144,
            "mean": 11.431675910949707,
            "std": 6.196145057678223,
            "median": 9.538249015808105,
            "min": 3.1015326976776123,
            "max": 40.71562957763672,
            "q25": 7.440393805503845,
            "q75": 13.577538013458252,
            "iqr": 6.137144207954407
        },
        "seq_hybrid_test_r2": {
            "n": 144,
            "mean": -1.6456260370711486,
            "std": 5.435733601436924,
            "median": -0.07218611240386963,
            "min": -52.747013092041016,
            "max": 0.9161285161972046,
            "q25": -1.6810327172279358,
            "q75": 0.3335791081190109,
            "iqr": 2.0146118253469467
        },
        "seq_hybrid_forget": {
            "n": 144,
            "mean": 1.3038278486993577,
            "std": 2.4738817181795265,
            "median": 0.6114380359649658,
            "min": -2.844572067260742,
            "max": 10.24888277053833,
            "q25": -0.2980896234512329,
            "q75": 2.1314202547073364,
            "iqr": 2.4295098781585693
        }
    },
    "overall": {
        "n_users": 144,
        "improve_rate_global_eval": 0.0,
        "n_improved_global_eval": 0,
        "n_degraded_global_eval": 144,
        "improve_rate_seq_ft": 0.7569444444444444,
        "n_improved_seq_ft": 109,
        "n_degraded_seq_ft": 35,