{
    "columns": {
        "trainable_params": {
            "n": 144,
            "mean": 2051537.0,
            "std": 0.0,
            "median": 2051537.0,
            "min": 2051537.0,
            "max": 2051537.0,
            "q25": 2051537.0,
            "q75": 2051537.0,
            "iqr": 0.0
        },
        "gain_global_eval": {
            "n": 144,
            "mean": 0.0,
            "std": 0.0,
            "median": 0.0,
            "min": 0.0,
            "max": 0.0,
            "q25": 0.0,
            "q75": 0.0,
            "iqr": 0.0
        },
        "gain_seq_ft": {
            "n": 144,
            "mean": 6.4943060874938965,
            "std": 7.523836135864258,
            "median": 4.011961936950684,
            "min": -2.6182994842529297,
            "max": 35.67626190185547,
            "q25": 1.1803417205810547,
            "q75": 8.617440462112427,
            "iqr": 7.437098741531372
        },
        "gain_seq_ewc": {
            "n": 144,
            "mean": 6.269128799438477,
            "std": 7.492033958435059,
            "median": 3.581094980239868,
            "min": -3.0877981185913086,
            "max": 35.49715042114258,
            "q25": 1.0407823324203491,
            "q75": 8.300741910934448,
            "iqr": 7.259959578514099
        },
        "gain_seq_replay": {
            "n": 144,
            "mean": 6.097266674041748,
            "std": 7.288159370422363,
            "median": 3.766254186630249,
            "min": -4.504616737365723,
            "max": 35.88808059692383,
            "q25": 0.9575189352035522,
            "q75": 8.16068172454834,
            "iqr": 7.203162789344788
        },
        "gain_seq_hybrid": {
            "n": 144,
            "mean": 5.794905662536621,
            "std": 7.426355838775635,
            "median": 3.6384339332580566,
            "min": -4.843133926391602,
            "max": 34.89365005493164,
            "q25": 0.7829715609550476,
            "q75": 7.996403455734253,
            "iqr": 7.213431894779205
        },
        "global_eval_test_me": {
            "n": 144,
            "mean": 1.1332221031188965,
            "std": 14.94180679321289,
            "median": 0.3391362130641937,
            "min": -35.04289627075195,
            "max": 42.25983428955078,
            "q25": -8.704715490341187,
            "q75": 11.514586687088013,
            "iqr": 20.2193021774292
        },
        "global_eval_test_sd": {
            "n": 144,
            "mean": 9.026463508605957,
            "std": 3.1719648838043213,
            "median": 8.553966522216797,
            "min": 3.5152618885040283,
            "max": 19.50409507751465,
            "q25": 6.574501872062683,
            "q75": 10.592910051345825,
            "iqr": 4.018408179283142
        },
        "global_eval_test_mae": {
            "n": 144,
            "mean": 13.759136199951172,
            "std": 7.939940452575684,
            "median": 11.907487869262695,
            "min": 3.8987839221954346,
            "max": 42.25983428955078,
            "q25": 7.840997815132141,
            "q75": 16.489366054534912,
            "iqr": 8.648368239402771
        },
        "global_eval_test_rmse": {
            "n": 144,
            "mean": 15.819294929504395,
            "std": 8.0410737991333,
            "median": 14.098697662353516,
            "min": 5.489814758300781,
            "max": 43.36650466918945,
            "q25": 9.625848770141602,
            "q75": 19.118443965911865,
            "iqr": 9.492595195770264
        },
        "global_eval_test_r2": {
            "n": 144,
            "mean": -3.708229899406433,
            "std": 11.5814714436935,
            "median": -0.5668247938156128,
            "min": -122.18244934082031,
            "max": 0.8257155418395996,
            "q25": -3.1947323083877563,
            "q75": 0.2510792016983032,
            "iqr": 3.4458115100860596
        },
        "seq_ft_test_me": {
            "n": 144,
            "mean": 0.4181983470916748,
            "std": 4.828486919403076,
            "median": 0.09296498447656631,
            "min": -14.077056884765625,
            "max": 20.509592056274414,
            "q25": -2.0600454211235046,
            "q75": 1.7856777012348175,
            "iqr": 3.845723122358322
        },
        "seq_ft_test_sd": {
            "n": 144,
            "mean": 8.317882537841797,
            "std": 3.1228201389312744,
            "median": 7.689237594604492,
            "min": 3.2999393939971924,
            "max": 20.20892906188965,
            "q25": 6.015782475471497,
            "q75": 9.798405408859253,
            "iqr": 3.7826229333877563
        },
        "seq_ft_test_mae": {
            "n": 144,
            "mean": 7.264829635620117,
            "std": 3.250162124633789,
            "median": 6.553579330444336,
            "min": 2.6559035778045654,
            "max": 21.05521583557129,
            "q25": 4.92385733127594,
            "q75": 8.463359355926514,
            "iqr": 3.5395020246505737
        },
        "seq_ft_test_rmse": {
            "n": 144,
            "mean": 9.303014755249023,
            "std": 3.9701504707336426,
            "median": 8.353790283203125,
            "min": 3.339289903640747,
            "max": 25.994171142578125,
            "q25": 6.365966320037842,
            "q75": 11.10503101348877,
            "iqr": 4.739064693450928
        },
        "seq_ft_test_r2": {
            "n": 144,
            "mean": -0.05337137977282206,
            "std": 1.5170541151279213,
            "median": 0.2727053463459015,
            "min": -12.061838150024414,
            "max": 0.9260174632072449,
            "q25": -0.10867053270339966,
            "q75": 0.5975301563739777,
            "iqr": 0.7062006890773773
        },
        "seq_ft_forget": {
            "n": 144,
            "mean": 4.054748551713096,
            "std": 4.546179482755697,
            "median": 2.5317142009735107,
            "min": -1.6082229614257812,
            "max": 21.783203601837158,
            "q25": 1.0937283039093018,
            "q75": 5.3180729150772095,
            "iqr": 4.224344611167908
        },
        "seq_ewc_test_me": {
            "n": 144,
            "mean": 0.2918339967727661,
            "std": 5.015046119689941,
            "median": -0.14339880645275116,
            "min": -14.753660202026367,
            "max": 19.644027709960938,
            "q25": -2.3695159554481506,
            "q75": 2.0013307929039,
            "iqr": 4.370846748352051
        },
        "seq_ewc_test_sd": {
            "n": 144,
            "mean": 8.430892944335938,
            "std": 3.1410205364227295,
            "median": 7.722399711608887,
            "min": 3.8367741107940674,
            "max": 20.208559036254883,
            "q25": 6.060922980308533,
            "q75": 9.874257802963257,
            "iqr": 3.813334822654724
        },
        "seq_ewc_test_mae": {
            "n": 144,
            "mean": 7.490007400512695,
            "std": 3.1802978515625,
            "median": 6.854349136352539,
            "min": 3.2242515087127686,
            "max": 20.30551528930664,
            "q25": 5.150153994560242,
            "q75": 8.637498140335083,
            "iqr": 3.4873441457748413
        },
        "seq_ewc_test_rmse": {
            "n": 144,
            "mean": 9.541431427001953,
            "std": 3.8734893798828125,
            "median": 8.823973655700684,
            "min": 3.9216396808624268,
            "max": 25.821983337402344,
            "q25": 6.589494824409485,
            "q75": 11.259176015853882,
            "iqr": 4.669681191444397
        },
        "seq_ewc_test_r2": {
            "n": 144,
            "mean": -0.1393861406379276,
            "std": 1.522055787560313,
            "median": 0.25848960876464844,
            "min": -11.15471363067627,
            "max": 0.9274601340293884,
            "q25": -0.2265961468219757,