{
    "columns": {
        "gain_mae": {
            "n": 144,
            "mean": 4.782616894316302,
            "std": 7.64678311986266,
            "median": 2.5431874472642795,
            "min": -8.974180401101398,
            "max": 28.591312266499568,
            "q25": -0.32854013479551814,
            "q75": 7.8258990502264325,
            "iqr": 8.15443918502195
        },
        "forget": {
            "n": 144,
            "mean": 1.4998792272317647,
            "std": 4.226746806924836,
            "median": 0.7226581233380749,
            "min": -11.882655010549838,
            "max": 19.30855992108527,
            "q25": -0.5392312979140039,
            "q75": 3.090239413415419,
            "iqr": 3.6294707113294233
        },
        "g_mae": {
            "n": 144,
            "mean": 14.34137684971414,
            "std": 8.849236158204315,
            "median": 12.21797988206539,
            "min": 4.73974524410921,
            "max": 44.06149281651213,
            "q25": 7.745521196611629,
            "q75": 18.098879797214718,
            "iqr": 10.353358600603087
        },
        "g_rmse": {
            "n": 144,
            "mean": 16.341253528892153,
            "std": 8.98173897575906,
            "median": 14.387940285754354,
            "min": 5.519583895843131,
            "max": 46.95757531362878,
            "q25": 9.511883295660244,
            "q75": 20.012438196022828,
            "iqr": 10.500554900362584
        },
        "g_r2": {
            "n": 144,
            "mean": -6.5724878008005,
            "std": 14.661482596285591,
            "median": -1.5475876169826062,
            "min": -99.03991619692425,
            "max": 0.9065657605902516,
            "q25": -5.487394648474104,
            "q75": 0.05638457362897609,
            "iqr": 5.54377922210308
        },
        "ft_mae": {
            "n": 144,
            "mean": 9.469874582275073,
            "std": 5.337372624460378,
            "median": 7.9151924891008445,
            "min": 2.6196331596374436,
            "max": 37.432805093468346,
            "q25": 6.119682238409228,
            "q75": 11.48654394344089,
            "iqr": 5.366861705031661
        },
        "ft_rmse": {
            "n": 144,
            "mean": 11.464146710665258,
            "std": 5.784417542640835,
            "median": 9.858166697731956,
            "min": 3.299142874742711,
            "max": 41.02604366995619,
            "q25": 7.451477662109528,
            "q75": 14.034927725850629,
            "iqr": 6.583450063741101
        },
        "ft_r2": {
            "n": 144,
            "mean": -1.874783179311888,
            "std": 5.736906870466038,
            "median": -0.1873370091929809,
            "min": -48.05884201324124,
            "max": 0.9135018677673161,
            "q25": -2.125301059354224,
            "q75": 0.36115134522926856,
            "iqr": 2.486452404583493
        },
        "ewc_mae": {
            "n": 144,
            "mean": 9.558759955397836,
            "std": 5.426571241128397,
            "median": 8.03568808909858,
            "min": 2.684918243696221,
            "max": 36.465101846398035,
            "q25": 6.207581129016397,
            "q75": 12.009467049838578,
            "iqr": 5.801885920822182
        },
        "ewc_rmse": {
            "n": 144,
            "mean": 11.525157150839188,
            "std": 5.914560048715746,
            "median": 9.998014251177068,
            "min": 3.6350924816005437,
            "max": 40.14751495938103,
            "q25": 7.438739059632946,
            "q75": 14.50244111387364,
            "iqr": 7.063702054240695
        },
        "ewc_r2": {
            "n": 144,
            "mean": -1.849018049096053,
            "std": 6.033535762996782,
            "median": -0.22729498665934933,
            "min": -56.600993483943746,
            "max": 0.9135018677673161,
            "q25": -2.1848254156224938,
            "q75": 0.30387835570856525,
            "iqr": 2.488703771331059
        },
        "trainable_params": {
            "n": 144,
            "mean": 2051537.0,
            "std": 0.0,
            "median": 2051537.0,
            "min": 2051537.0,
            "max": 2051537.0,
            "q25": 2051537.0,
            "q75": 2051537.0,
            "iqr": 0.0
        }
    },
    "overall": {
        "n_users": 144,
        "improve_rate_mae": 0.7291666666666666,
        "n_improved": 105,
        "n_degraded": 39,
        "gain_mean_improved": 7.388162906070522,
        "gain_median_improved": 4.82935945245236,
        "gain_mean_degraded": -2.232314675791212,
        "gain_median_degraded": -1.8321118448578249,
        "best_user": {
            "user_id": "p002175_1",
            "gain": 28.591312266499568,
            "g_mae": 44.06149281651213,
            "ewc_mae": 15.47018055001256
        },
        "worst_user": {
            "user_id": "p001764_1",
            "gain": -8.974180401101398,
            "g_mae": 13.6713361578008,
            "ewc_mae": 22.645516558902198
        }
    }
}