{
    "columns": {
        "trainable_params": {
            "n": 144,
            "mean": 2051537.0,
            "std": 0.0,
            "median": 2051537.0,
            "min": 2051537.0,
            "max": 2051537.0,
            "q25": 2051537.0,
            "q75": 2051537.0,
            "iqr": 0.0
        },
        "gain_global_eval": {
            "n": 144,
            "mean": 0.0,
            "std": 0.0,
            "median": 0.0,
            "min": 0.0,
            "max": 0.0,
            "q25": 0.0,
            "q75": 0.0,
            "iqr": 0.0
        },
        "gain_seq_ft": {
            "n": 144,
            "mean": 5.0815815925598145,
            "std": 8.016611099243164,
            "median": 2.8620316982269287,
            "min": -9.881872177124023,
            "max": 34.63817596435547,
            "q25": 0.0523533821105957,
            "q75": 8.371628284454346,
            "iqr": 8.31927490234375
        },
        "gain_seq_ewc": {
            "n": 144,
            "mean": 5.100366592407227,
            "std": 7.843027591705322,
            "median": 2.5217275619506836,
            "min": -7.97540283203125,
            "max": 34.272518157958984,
            "q25": 0.128975510597229,
            "q75": 8.42898440361023,
            "iqr": 8.300008893013
        },
        "gain_seq_replay": {
            "n": 144,
            "mean": 4.882352828979492,
            "std": 7.807673454284668,
            "median": 2.821728229522705,
            "min": -7.385976791381836,
            "max": 34.83021545410156,
            "q25": -0.11440098285675049,
            "q75": 8.182448863983154,
            "iqr": 8.296849846839905
        },
        "gain_seq_hybrid": {
            "n": 144,
            "mean": 4.835869789123535,
            "std": 7.641429901123047,
            "median": 2.440046548843384,
            "min": -7.233080863952637,
            "max": 33.042564392089844,
            "q25": 0.008007168769836426,
            "q75": 8.363764762878418,
            "iqr": 8.355757594108582
        },
        "global_eval_test_me": {
            "n": 144,
            "mean": 2.2142295837402344,
            "std": 15.877999305725098,
            "median": 1.9629719257354736,
            "min": -33.58596420288086,
            "max": 44.061492919921875,
            "q25": -8.785552024841309,
            "q75": 11.926748037338257,
            "iqr": 20.712300062179565
        },
        "global_eval_test_sd": {
            "n": 144,
            "mean": 8.932806968688965,
            "std": 3.489205837249756,
            "median": 8.2205810546875,
            "min": 3.365821599960327,
            "max": 22.139375686645508,
            "q25": 6.415248513221741,
            "q75": 10.795366287231445,
            "iqr": 4.380117774009705
        },
        "global_eval_test_mae": {
            "n": 144,
            "mean": 14.341376304626465,
            "std": 8.849235534667969,
            "median": 12.217979431152344,
            "min": 4.739744663238525,
            "max": 44.061492919921875,
            "q25": 7.745521068572998,
            "q75": 18.09887981414795,
            "iqr": 10.353358745574951
        },
        "global_eval_test_rmse": {
            "n": 144,
            "mean": 16.34125518798828,
            "std": 8.98173999786377,
            "median": 14.387940406799316,
            "min": 5.519583225250244,
            "max": 46.957576751708984,
            "q25": 9.511883735656738,
            "q75": 20.012439250946045,
            "iqr": 10.500555515289307
        },
        "global_eval_test_r2": {
            "n": 144,
            "mean": -6.572487325718005,
            "std": 14.661481226079983,
            "median": -1.5475873947143555,
            "min": -99.03992462158203,
            "max": 0.90656578540802,
            "q25": -5.48739492893219,
            "q75": 0.0563846230506897,
            "iqr": 5.54377955198288
        },
        "seq_ft_test_me": {
            "n": 144,
            "mean": 2.7512454986572266,
            "std": 8.357019424438477,
            "median": 2.0492498874664307,
            "min": -24.38375473022461,
            "max": 31.923086166381836,
            "q25": -2.4843133091926575,
            "q75": 6.648607015609741,
            "iqr": 9.132920324802399
        },
        "seq_ft_test_sd": {
            "n": 144,
            "mean": 8.262042999267578,
            "std": 3.7781143188476562,
            "median": 7.472170829772949,
            "min": 3.0240275859832764,
            "max": 25.8138370513916,
            "q25": 5.450691223144531,
            "q75": 10.001801252365112,
            "iqr": 4.551110029220581
        },
        "seq_ft_test_mae": {
            "n": 144,
            "mean": 9.259794235229492,
            "std": 5.213412761688232,
            "median": 7.45742130279541,
            "min": 2.6224045753479004,
            "max": 32.14130783081055,
            "q25": 5.707481265068054,
            "q75": 10.914537191390991,
            "iqr": 5.207055926322937
        },
        "seq_ft_test_rmse": {
            "n": 144,
            "mean": 11.24589729309082,
            "std": 5.755024433135986,
            "median": 9.622350692749023,
            "min": 3.0428597927093506,
            "max": 36.00386047363281,
            "q25": 7.401046276092529,
            "q75": 13.106069564819336,
            "iqr": 5.705023288726807
        },
        "seq_ft_test_r2": {
            "n": 144,
            "mean": -1.4228221558862262,
            "std": 4.227799020691125,
            "median": -0.08353030681610107,
            "min": -34.464054107666016,
            "max": 0.9142984747886658,
            "q25": -1.7660152912139893,
            "q75": 0.36613109707832336,
            "iqr": 2.1321463882923126
        },
        "seq_ft_forget": {
            "n": 144,
            "mean": 3.620153682099448,
            "std": 4.521740203525249,
            "median": 1.9287872314453125,
            "min": -1.715991497039795,
            "max": 22.209117889404297,
            "q25": 0.6709766387939453,
            "q75": 4.869062423706055,
            "iqr": 4.198085784912109
        },
        "seq_ewc_test_me": {
            "n": 144,
            "mean": 2.3853306770324707,
            "std": 8.354803085327148,
            "median": 1.6524102687835693,
            "min": -24.18169403076172,
            "max": 31.712451934814453,
            "q25": -2.4997172355651855,
            "q75": 6.239813327789307,
            "iqr": 8.739530563354492
        },
        "seq_ewc_test_sd": {
            "n": 144,
            "mean": 8.394651412963867,
            "std": 3.7435266971588135,
            "median": 7.527132034301758,
            "min": 3.2479066848754883,
            "max": 25.849733352661133,
            "q25": 5.993064522743225,
            "q75": 9.618700981140137,
            "iqr": 3.6256364583969116
        },
        "seq_ewc_test_mae": {
            "n": 144,
            "mean": 9.241009712219238,
            "std": 5.165163040161133,
            "median": 7.447213172912598,
            "min": 3.0805773735046387,
            "max": 31.94174575805664,
            "q25": 5.763187289237976,
            "q75": 10.776246547698975,
            "iqr": 5.0130592584609985
        },
        "seq_ewc_test_rmse": {
            "n": 144,
            "mean": 11.247125625610352,
            "std": 5.755594730377197,
            "median": 9.537118911743164,
            "min": 3.441741943359375,
            "max": 35.817474365234375,
            "q25": 7.379567384719849,
            "q75": 13.256078004837036,
            "iqr": 5.8765106201171875
        },
        "seq_ewc_test_r2": {
            "n": 144,
            "mean": -1.4644342648486297,
            "std": 4.420744787103312,
            "median": -0.061085045337677,
            "min": -37.14926528930664,
            "max": 0.9142984747886658,
            "q25": -1.9074957370758057,
            "q75": 0.3616751432418823,