{
    "columns": {
        "trainable_params": {
            "n": 135,
            "mean": 2051537.0,
            "std": 0.0,
            "median": 2051537.0,
            "min": 2051537.0,
            "max": 2051537.0,
            "q25": 2051537.0,
            "q75": 2051537.0,
            "iqr": 0.0
        },
        "gain_global_eval": {
            "n": 135,
            "mean": 0.0,
            "std": 0.0,
            "median": 0.0,
            "min": 0.0,
            "max": 0.0,
            "q25": 0.0,
            "q75": 0.0,
            "iqr": 0.0
        },
        "gain_seq_hybrid": {
            "n": 135,
            "mean": 10.376285552978516,
            "std": 8.899324417114258,
            "median": 7.969880104064941,
            "min": -0.8873682022094727,
            "max": 58.38712692260742,
            "q25": 3.6702353954315186,
            "q75": 14.212034702301025,
            "iqr": 10.541799306869507
        },
        "global_eval_test_me": {
            "n": 135,
            "mean": -0.636238157749176,
            "std": 18.2584228515625,
            "median": 0.30148983001708984,
            "min": -63.6925048828125,
            "max": 41.06391143798828,
            "q25": -12.58748722076416,
            "q75": 11.627284526824951,
            "iqr": 24.21477174758911
        },
        "global_eval_test_sd": {
            "n": 135,
            "mean": 15.595222473144531,
            "std": 6.133560657501221,
            "median": 14.318865776062012,
            "min": 4.715800762176514,
            "max": 39.645328521728516,
            "q25": 11.877214908599854,
            "q75": 18.257091522216797,
            "iqr": 6.379876613616943
        },
        "global_eval_test_mae": {
            "n": 135,
            "mean": 19.030031204223633,
            "std": 9.3836030960083,
            "median": 17.644977569580078,
            "min": 5.841443061828613,
            "max": 63.6925048828125,
            "q25": 12.905632019042969,
            "q75": 22.723508834838867,
            "iqr": 9.817876815795898
        },
        "global_eval_test_rmse": {
            "n": 135,
            "mean": 22.54320526123047,
            "std": 10.219379425048828,
            "median": 20.891902923583984,
            "min": 8.004596710205078,
            "max": 66.37924194335938,
            "q25": 15.45710277557373,
            "q75": 26.630724906921387,
            "iqr": 11.173622131347656
        },
        "global_eval_test_r2": {
            "n": 135,
            "mean": -5.32972984623026,
            "std": 10.88698856982458,
            "median": -1.5800025463104248,
            "min": -84.23344421386719,
            "max": 0.7908507585525513,
            "q25": -4.077784776687622,
            "q75": -0.7277619242668152,
            "iqr": 3.350022852420807
        },
        "seq_hybrid_test_me": {
            "n": 135,
            "mean": -0.10758478939533234,
            "std": 2.565000295639038,
            "median": -0.32403984665870667,
            "min": -10.898900985717773,
            "max": 7.40828800201416,
            "q25": -1.3821194171905518,
            "q75": 1.2487608194351196,
            "iqr": 2.6308802366256714
        },
        "seq_hybrid_test_sd": {
            "n": 135,
            "mean": 10.821301460266113,
            "std": 4.386843681335449,
            "median": 9.915984153747559,
            "min": 3.1199424266815186,
            "max": 29.650291442871094,
            "q25": 7.761516332626343,
            "q75": 13.011441707611084,
            "iqr": 5.249925374984741
        },
        "seq_hybrid_test_mae": {
            "n": 135,
            "mean": 8.653745651245117,
            "std": 3.6696553230285645,
            "median": 7.887536525726318,
            "min": 2.276493549346924,
            "max": 24.24357032775879,
            "q25": 5.799383878707886,
            "q75": 10.529665470123291,
            "iqr": 4.730281591415405
        },
        "seq_hybrid_test_rmse": {
            "n": 135,
            "mean": 11.058000564575195,
            "std": 4.540684700012207,
            "median": 10.313809394836426,
            "min": 3.21810245513916,
            "max": 31.5899658203125,
            "q25": 7.803360462188721,
            "q75": 13.208808898925781,
            "iqr": 5.4054484367370605
        },
        "seq_hybrid_test_r2": {
            "n": 135,
            "mean": 0.1157589629844383,
            "std": 0.34911637756356056,
            "median": 0.12608802318572998,
            "min": -2.2844860553741455,
            "max": 0.8781650066375732,
            "q25": -0.04811733961105347,
            "q75": 0.3107225298881531,
            "iqr": 0.35883986949920654
        },
        "seq_hybrid_forget": {
            "n": 135,
            "mean": -1.7149378697077433,
            "std": 1.6747213854657843,
            "median": -1.2451562881469727,
            "min": -9.80982494354248,
            "max": 0.6703157424926758,
            "q25": -2.1559712886810303,
            "q75": -0.6184310913085938,
            "iqr": 1.5375401973724365
        }
    },
    "overall": {
        "n_users": 135,
        "improve_rate_global_eval": 0.0,
        "n_improved_global_eval": 0,
        "n_degraded_global_eval": 135,
        "improve_rate_seq_hybrid": 0.9851851851851852,
        "n_improved_seq_hybrid": 133,
        "n_degraded_seq_hybrid": 2,
        "best_worst_by_gain": {
            "global_eval": {
                "best_user": {
                    "user_id": "p028331_0",
                    "gain": 0.0
                },
                "worst_user": {
                    "user_id": "p028331_0",
                    "gain": 0.0
                }
            },
            "seq_hybrid": {
                "best_user": {
                    "user_id": "p054385_0",
                    "gain": 58.38712692260742
                },
                "worst_user": {
                    "user_id": "p077927_0",
                    "gain": -0.8873682022094727
                }
            }
        },
        "pooled_test": {
            "global_eval": {
                "n_samples": 5400,
                "me": -0.6362380671210633,
                "sd": 24.727584367110016,
                "rmse": 24.73576818112988,
                "mae": 19.030031683145637,
                "r2": -0.3024052325765956
            },
            "seq_hybrid": {
                "n_samples": 5400,
                "me": -0.10758472165981837,
                "sd": 11.947087863736668,
                "rmse": 11.947572259508565,
                "mae": 8.653746457422251,
                "r2": 0.6961532049641299
            }
        }
    }
}