{
    "columns": {
        "gain_mae": {
            "n": 144,
            "mean": 4.638009643537749,
            "std": 8.799518457268828,
            "median": 3.1275854120324715,
            "min": -23.36611331134946,
            "max": 36.45005610245736,
            "q25": -0.20200552435694474,
            "q75": 8.39855115195077,
            "iqr": 8.600556676307715
        },
        "forget": {
            "n": 144,
            "mean": 4.790546329430327,
            "std": 4.625904236838756,
            "median": 3.038287768004371,
            "min": -1.3940444137166903,
            "max": 20.193437278890755,
            "q25": 1.3489780345686295,
            "q75": 6.953550112780666,
            "iqr": 5.604572078212036
        },
        "g_mae": {
            "n": 144,
            "mean": 14.34137684971414,
            "std": 8.849236158204315,
            "median": 12.21797988206539,
            "min": 4.73974524410921,
            "max": 44.06149281651213,
            "q25": 7.745521196611629,
            "q75": 18.098879797214718,
            "iqr": 10.353358600603087
        },
        "g_rmse": {
            "n": 144,
            "mean": 16.341253528892153,
            "std": 8.98173897575906,
            "median": 14.387940285754354,
            "min": 5.519583895843131,
            "max": 46.95757531362878,
            "q25": 9.511883295660244,
            "q75": 20.012438196022828,
            "iqr": 10.500554900362584
        },
        "g_r2": {
            "n": 144,
            "mean": -6.5724878008005,
            "std": 14.661482596285591,
            "median": -1.5475876169826062,
            "min": -99.03991619692425,
            "max": 0.9065657605902516,
            "q25": -5.487394648474104,
            "q75": 0.05638457362897609,
            "iqr": 5.54377922210308
        },
        "ft_mae": {
            "n": 144,
            "mean": 9.671222302330044,
            "std": 5.955592052741291,
            "median": 8.14081447930431,
            "min": 2.0283015249360266,
            "max": 37.736990678483025,
            "q25": 5.717949580150362,
            "q75": 12.110447270969393,
            "iqr": 6.392497690819031
        },
        "ft_rmse": {
            "n": 144,
            "mean": 11.585919607698253,
            "std": 6.481322001186446,
            "median": 10.02469688734114,
            "min": 2.5046213892778746,
            "max": 40.89891884054392,
            "q25": 7.2416007030986815,
            "q75": 14.305031699943452,
            "iqr": 7.063430996844771
        },
        "ft_r2": {
            "n": 144,
            "mean": -1.403765532440219,
            "std": 3.6990248067105727,
            "median": -0.2879801773853412,
            "min": -29.242493322814006,
            "max": 0.9011396691861224,
            "q25": -1.4858083568296214,
            "q75": 0.2966391468125128,
            "iqr": 1.7824475036421341
        },
        "ewc_mae": {
            "n": 144,
            "mean": 9.70336720617639,
            "std": 5.921184708110609,
            "median": 8.30688483946587,
            "min": 2.083626352958965,
            "max": 37.25416864173987,
            "q25": 5.739696694054089,
            "q75": 11.845616427036852,
            "iqr": 6.105919732982763
        },
        "ewc_rmse": {
            "n": 144,
            "mean": 11.62518992705531,
            "std": 6.453564558880381,
            "median": 10.25887565556162,
            "min": 2.5515463082376417,
            "max": 40.446334384917925,
            "q25": 7.226893369801288,
            "q75": 14.310731125676796,
            "iqr": 7.083837755875508
        },
        "ewc_r2": {
            "n": 144,
            "mean": -1.404744887082958,
            "std": 3.652362329045558,
            "median": -0.3037296973554027,
            "min": -29.206631929965575,
            "max": 0.8648684611075779,
            "q25": -1.5608118965479596,
            "q75": 0.2997295822096357,
            "iqr": 1.8605414787575953
        },
        "trainable_params": {
            "n": 144,
            "mean": 2051537.0,
            "std": 0.0,
            "median": 2051537.0,
            "min": 2051537.0,
            "max": 2051537.0,
            "q25": 2051537.0,
            "q75": 2051537.0,
            "iqr": 0.0
        }
    },
    "overall": {
        "n_users": 144,
        "improve_rate_mae": 0.7291666666666666,
        "n_improved": 105,
        "n_degraded": 39,
        "gain_mean_improved": 7.822184399911544,
        "gain_median_improved": 4.971660381480916,
        "gain_mean_degraded": -3.9347685466993925,
        "gain_median_degraded": -2.2000738674362914,
        "best_user": {
            "user_id": "p002175_1",
            "gain": 36.45005610245736,
            "g_mae": 44.06149281651213,
            "ewc_mae": 7.6114367140547685
        },
        "worst_user": {
            "user_id": "p001543_1",
            "gain": -23.36611331134946,
            "g_mae": 13.88805533039041,
            "ewc_mae": 37.25416864173987
        }
    }
}