{
    "columns": {
        "gain_mae": {
            "n": 144,
            "mean": 4.3620359477950466,
            "std": 7.066526961137231,
            "median": 2.31243907572693,
            "min": -8.974180401101398,
            "max": 27.267949775705805,
            "q25": -0.1686080055558341,
            "q75": 7.441116704801432,
            "iqr": 7.609724710357266
        },
        "forget": {
            "n": 144,
            "mean": 1.0388834733585872,
            "std": 3.492178505127449,
            "median": 0.3127676062796927,
            "min": -10.375976454173905,
            "max": 15.48398283582699,
            "q25": -0.6317623003504216,
            "q75": 2.489962306998136,
            "iqr": 3.1217246073485576
        },
        "g_mae": {
            "n": 144,
            "mean": 14.34137684971414,
            "std": 8.849236158204315,
            "median": 12.21797988206539,
            "min": 4.73974524410921,
            "max": 44.06149281651213,
            "q25": 7.745521196611629,
            "q75": 18.098879797214718,
            "iqr": 10.353358600603087
        },
        "g_rmse": {
            "n": 144,
            "mean": 16.341253528892153,
            "std": 8.98173897575906,
            "median": 14.387940285754354,
            "min": 5.519583895843131,
            "max": 46.95757531362878,
            "q25": 9.511883295660244,
            "q75": 20.012438196022828,
            "iqr": 10.500554900362584
        },
        "g_r2": {
            "n": 144,
            "mean": -6.5724878008005,
            "std": 14.661482596285591,
            "median": -1.5475876169826062,
            "min": -99.03991619692425,
            "max": 0.9065657605902516,
            "q25": -5.487394648474104,
            "q75": 0.05638457362897609,
            "iqr": 5.54377922210308
        },
        "ft_mae": {
            "n": 144,
            "mean": 9.469874582275073,
            "std": 5.337372624460378,
            "median": 7.9151924891008445,
            "min": 2.6196331596374436,
            "max": 37.432805093468346,
            "q25": 6.119682238409228,
            "q75": 11.48654394344089,
            "iqr": 5.366861705031661
        },
        "ft_rmse": {
            "n": 144,
            "mean": 11.464146710665258,
            "std": 5.784417542640835,
            "median": 9.858166697731956,
            "min": 3.299142874742711,
            "max": 41.02604366995619,
            "q25": 7.451477662109528,
            "q75": 14.034927725850629,
            "iqr": 6.583450063741101
        },
        "ft_r2": {
            "n": 144,
            "mean": -1.874783179311888,
            "std": 5.736906870466038,
            "median": -0.1873370091929809,
            "min": -48.05884201324124,
            "max": 0.9135018677673161,
            "q25": -2.125301059354224,
            "q75": 0.36115134522926856,
            "iqr": 2.486452404583493
        },
        "ewc_mae": {
            "n": 144,
            "mean": 9.979340901919091,
            "std": 5.662688614977277,
            "median": 8.155764019620255,
            "min": 3.390619689172,
            "max": 35.66939813501746,
            "q25": 6.281139633079755,
            "q75": 12.135872083842116,
            "iqr": 5.854732450762361
        },
        "ewc_rmse": {
            "n": 144,
            "mean": 11.934255685761018,
            "std": 6.127194521087925,
            "median": 10.120328411478134,
            "min": 4.31577181901277,
            "max": 38.82287259214341,
            "q25": 7.831673610098546,
            "q75": 14.43765514208732,
            "iqr": 6.605981531988773
        },
        "ewc_r2": {
            "n": 144,
            "mean": -2.0202830509835294,
            "std": 6.085753915200096,
            "median": -0.31517014159899004,
            "min": -56.600993483943746,
            "max": 0.9135018677673161,
            "q25": -2.134148438697701,
            "q75": 0.29938223143080256,
            "iqr": 2.4335306701285035
        },
        "trainable_params": {
            "n": 144,
            "mean": 2051537.0,
            "std": 0.0,
            "median": 2051537.0,
            "min": 2051537.0,
            "max": 2051537.0,
            "q25": 2051537.0,
            "q75": 2051537.0,
            "iqr": 0.0
        }
    },
    "overall": {
        "n_users": 144,
        "improve_rate_mae": 0.7152777777777778,
        "n_improved": 103,
        "n_degraded": 41,
        "gain_mean_improved": 6.963096005137791,
        "gain_median_improved": 4.83962550025759,
        "gain_mean_degraded": -2.1723344401635543,
        "gain_median_degraded": -1.8339777862610838,
        "best_user": {
            "user_id": "p004795_1",
            "gain": 27.267949775705805,
            "g_mae": 33.10100131247064,
            "ewc_mae": 5.833051536764838
        },
        "worst_user": {
            "user_id": "p001764_1",
            "gain": -8.974180401101398,
            "g_mae": 13.6713361578008,
            "ewc_mae": 22.645516558902198
        }
    }
}