{
    "columns": {
        "gain_mae": {
            "n": 144,
            "mean": 4.487712736830595,
            "std": 8.926975533118274,
            "median": 2.9838921372387026,
            "min": -24.6507524791351,
            "max": 36.484990506357974,
            "q25": -0.3735145815826457,
            "q75": 8.081779317232154,
            "iqr": 8.4552938988148
        },
        "forget": {
            "n": 144,
            "mean": 4.771002992248298,
            "std": 4.651458166689545,
            "median": 3.1125729402254367,
            "min": -1.2392354156087801,
            "max": 21.276404274130016,
            "q25": 1.4171152661611108,
            "q75": 6.468147015686729,
            "iqr": 5.0510317495256185
        },
        "g_mae": {
            "n": 144,
            "mean": 14.34137684971414,
            "std": 8.849236158204315,
            "median": 12.21797988206539,
            "min": 4.73974524410921,
            "max": 44.06149281651213,
            "q25": 7.745521196611629,
            "q75": 18.098879797214718,
            "iqr": 10.353358600603087
        },
        "g_rmse": {
            "n": 144,
            "mean": 16.341253528892153,
            "std": 8.98173897575906,
            "median": 14.387940285754354,
            "min": 5.519583895843131,
            "max": 46.95757531362878,
            "q25": 9.511883295660244,
            "q75": 20.012438196022828,
            "iqr": 10.500554900362584
        },
        "g_r2": {
            "n": 144,
            "mean": -6.5724878008005,
            "std": 14.661482596285591,
            "median": -1.5475876169826062,
            "min": -99.03991619692425,
            "max": 0.9065657605902516,
            "q25": -5.487394648474104,
            "q75": 0.05638457362897609,
            "iqr": 5.54377922210308
        },
        "ft_mae": {
            "n": 144,
            "mean": 9.885233829027824,
            "std": 6.162821309750608,
            "median": 8.410554697306836,
            "min": 1.9562597819376624,
            "max": 39.78206304329016,
            "q25": 5.676519344804809,
            "q75": 12.174909819410239,
            "iqr": 6.49839047460543
        },
        "ft_rmse": {
            "n": 144,
            "mean": 11.789287165795635,
            "std": 6.651364367976758,
            "median": 10.371924719418441,
            "min": 2.446658333119023,
            "max": 42.805790930255306,
            "q25": 7.3280208276763315,
            "q75": 14.75014786128106,
            "iqr": 7.422127033604729
        },
        "ft_r2": {
            "n": 144,
            "mean": -1.481458935664075,
            "std": 3.957855985762373,
            "median": -0.35277700985730387,
            "min": -33.83599038597198,
            "max": 0.8346591526538388,
            "q25": -1.5625912176903516,
            "q75": 0.30103232659656987,
            "iqr": 1.8636235442869213
        },
        "ewc_mae": {
            "n": 144,
            "mean": 9.853664112883543,
            "std": 6.0703521715052515,
            "median": 8.477520544945193,
            "min": 1.9356564004959946,
            "max": 38.53880780952551,
            "q25": 5.741778001283977,
            "q75": 12.178487689306545,
            "iqr": 6.436709688022567
        },
        "ewc_rmse": {
            "n": 144,
            "mean": 11.75886781209099,
            "std": 6.557918443464885,
            "median": 10.437684593488688,
            "min": 2.4057165280521704,
            "max": 41.56757690011561,
            "q25": 7.4617697595556365,
            "q75": 14.47781325060706,
            "iqr": 7.016043491051423
        },
        "ewc_r2": {
            "n": 144,
            "mean": -1.469488047175864,
            "std": 3.9598502603908945,
            "median": -0.3427341391433055,
            "min": -33.761500658889034,
            "max": 0.8346591526538388,
            "q25": -1.5625912176903516,
            "q75": 0.3060862541178268,
            "iqr": 1.8686774718081784
        },
        "trainable_params": {
            "n": 144,
            "mean": 2051537.0,
            "std": 0.0,
            "median": 2051537.0,
            "min": 2051537.0,
            "max": 2051537.0,
            "q25": 2051537.0,
            "q75": 2051537.0,
            "iqr": 0.0
        }
    },
    "overall": {
        "n_users": 144,
        "improve_rate_mae": 0.7222222222222222,
        "n_improved": 104,
        "n_degraded": 40,
        "gain_mean_improved": 7.813668823513745,
        "gain_median_improved": 5.066596824811961,
        "gain_mean_degraded": -4.1597730885455935,
        "gain_median_degraded": -2.3260341102281474,
        "best_user": {
            "user_id": "p002175_1",
            "gain": 36.484990506357974,
            "g_mae": 44.06149281651213,
            "ewc_mae": 7.576502310154152
        },
        "worst_user": {
            "user_id": "p001543_1",
            "gain": -24.6507524791351,
            "g_mae": 13.88805533039041,
            "ewc_mae": 38.53880780952551
        }
    }
}