{
    "columns": {
        "gain_mae": {
            "n": 144,
            "mean": 4.866710894207886,
            "std": 7.974310664772491,
            "median": 2.851952279789397,
            "min": -11.077761448159498,
            "max": 33.913007309671336,
            "q25": -0.19496076555556452,
            "q75": 8.118563214664334,
            "iqr": 8.313523980219898
        },
        "forget": {
            "n": 144,
            "mean": 3.2136358030860874,
            "std": 4.376461761426026,
            "median": 1.7144493175876043,
            "min": -1.9169433463736887,
            "max": 22.265570667087463,
            "q25": 0.28634218402464295,
            "q75": 4.204173977433657,
            "iqr": 3.9178317934090137
        },
        "g_mae": {
            "n": 144,
            "mean": 14.34137684971414,
            "std": 8.849236158204315,
            "median": 12.21797988206539,
            "min": 4.73974524410921,
            "max": 44.06149281651213,
            "q25": 7.745521196611629,
            "q75": 18.098879797214718,
            "iqr": 10.353358600603087
        },
        "g_rmse": {
            "n": 144,
            "mean": 16.341253528892153,
            "std": 8.98173897575906,
            "median": 14.387940285754354,
            "min": 5.519583895843131,
            "max": 46.95757531362878,
            "q25": 9.511883295660244,
            "q75": 20.012438196022828,
            "iqr": 10.500554900362584
        },
        "g_r2": {
            "n": 144,
            "mean": -6.5724878008005,
            "std": 14.661482596285591,
            "median": -1.5475876169826062,
            "min": -99.03991619692425,
            "max": 0.9065657605902516,
            "q25": -5.487394648474104,
            "q75": 0.05638457362897609,
            "iqr": 5.54377922210308
        },
        "ft_mae": {
            "n": 144,
            "mean": 9.486319590764147,
            "std": 5.2376325771323256,
            "median": 7.9755562241586695,
            "min": 2.7126463924480912,
            "max": 33.619600938696784,
            "q25": 6.1781542331045465,
            "q75": 10.966630189204384,
            "iqr": 4.788475956099838
        },
        "ft_rmse": {
            "n": 144,
            "mean": 11.400715689715039,
            "std": 5.745289789833156,
            "median": 9.80564410404541,
            "min": 3.122137234958211,
            "max": 36.991646816589615,
            "q25": 7.794534194845635,
            "q75": 13.127720893798342,
            "iqr": 5.333186698952707
        },
        "ft_r2": {
            "n": 144,
            "mean": -1.6637008085955527,
            "std": 4.963415553003487,
            "median": -0.1024140683414867,
            "min": -38.59041216220821,
            "max": 0.9108795724175931,
            "q25": -1.9852654849569662,
            "q75": 0.32477977194246005,
            "iqr": 2.3100452568994263
        },
        "ewc_mae": {
            "n": 144,
            "mean": 9.474665955506252,
            "std": 5.162024355870079,
            "median": 7.897111100911863,
            "min": 2.754832366569185,
            "max": 33.619600938696784,
            "q25": 6.139091107485932,
            "q75": 11.053385409983601,
            "iqr": 4.9142943024976695
        },
        "ewc_rmse": {
            "n": 144,
            "mean": 11.382209401158772,
            "std": 5.6784068172972395,
            "median": 9.91475749843246,
            "min": 3.148563910356545,
            "max": 36.991646816589615,
            "q25": 7.781427202457079,
            "q75": 13.114458197022625,
            "iqr": 5.333030994565545
        },
        "ewc_r2": {
            "n": 144,
            "mean": -1.6741102233609242,
            "std": 4.989653026581671,
            "median": -0.1391708345921563,
            "min": -38.59041216220821,
            "max": 0.9108795724175931,
            "q25": -2.0059637988042547,
            "q75": 0.373738235436317,
            "iqr": 2.3797020342405717
        },
        "trainable_params": {
            "n": 144,
            "mean": 2051537.0,
            "std": 0.0,
            "median": 2051537.0,
            "min": 2051537.0,
            "max": 2051537.0,
            "q25": 2051537.0,
            "q75": 2051537.0,
            "iqr": 0.0
        }
    },
    "overall": {
        "n_users": 144,
        "improve_rate_mae": 0.7222222222222222,
        "n_improved": 104,
        "n_degraded": 40,
        "gain_mean_improved": 7.706982004473814,
        "gain_median_improved": 5.093876256092349,
        "gain_mean_degraded": -2.517993992483526,
        "gain_median_degraded": -1.7853968769643553,
        "best_user": {
            "user_id": "p002175_1",
            "gain": 33.913007309671336,
            "g_mae": 44.06149281651213,
            "ewc_mae": 10.148485506840794
        },
        "worst_user": {
            "user_id": "p001764_1",
            "gain": -11.077761448159498,
            "g_mae": 13.6713361578008,
            "ewc_mae": 24.749097605960298
        }
    }
}