{
    "columns": {
        "gain_mae": {
            "n": 144,
            "mean": 4.654227442268624,
            "std": 7.459713887830971,
            "median": 2.60342350396574,
            "min": -8.974180401101398,
            "max": 27.87504871101832,
            "q25": -0.2911714552001645,
            "q75": 7.605686978246166,
            "iqr": 7.896858433446331
        },
        "forget": {
            "n": 144,
            "mean": 1.3637165080844043,
            "std": 4.029566453913079,
            "median": 0.5118381497373665,
            "min": -10.97448454478792,
            "max": 16.50482542782965,
            "q25": -0.5379766317650505,
            "q75": 2.9060023564640804,
            "iqr": 3.443978988229131
        },
        "g_mae": {
            "n": 144,
            "mean": 14.34137684971414,
            "std": 8.849236158204315,
            "median": 12.21797988206539,
            "min": 4.73974524410921,
            "max": 44.06149281651213,
            "q25": 7.745521196611629,
            "q75": 18.098879797214718,
            "iqr": 10.353358600603087
        },
        "g_rmse": {
            "n": 144,
            "mean": 16.341253528892153,
            "std": 8.98173897575906,
            "median": 14.387940285754354,
            "min": 5.519583895843131,
            "max": 46.95757531362878,
            "q25": 9.511883295660244,
            "q75": 20.012438196022828,
            "iqr": 10.500554900362584
        },
        "g_r2": {
            "n": 144,
            "mean": -6.5724878008005,
            "std": 14.661482596285591,
            "median": -1.5475876169826062,
            "min": -99.03991619692425,
            "max": 0.9065657605902516,
            "q25": -5.487394648474104,
            "q75": 0.05638457362897609,
            "iqr": 5.54377922210308
        },
        "ft_mae": {
            "n": 144,
            "mean": 9.469874582275073,
            "std": 5.337372624460378,
            "median": 7.9151924891008445,
            "min": 2.6196331596374436,
            "max": 37.432805093468346,
            "q25": 6.119682238409228,
            "q75": 11.48654394344089,
            "iqr": 5.366861705031661
        },
        "ft_rmse": {
            "n": 144,
            "mean": 11.464146710665258,
            "std": 5.784417542640835,
            "median": 9.858166697731956,
            "min": 3.299142874742711,
            "max": 41.02604366995619,
            "q25": 7.451477662109528,
            "q75": 14.034927725850629,
            "iqr": 6.583450063741101
        },
        "ft_r2": {
            "n": 144,
            "mean": -1.874783179311888,
            "std": 5.736906870466038,
            "median": -0.1873370091929809,
            "min": -48.05884201324124,
            "max": 0.9135018677673161,
            "q25": -2.125301059354224,
            "q75": 0.36115134522926856,
            "iqr": 2.486452404583493
        },
        "ewc_mae": {
            "n": 144,
            "mean": 9.687149407445514,
            "std": 5.490267071634721,
            "median": 8.084819761452138,
            "min": 3.118807844869835,
            "max": 36.06616618527882,
            "q25": 6.308241676659576,
            "q75": 12.015836545230425,
            "iqr": 5.707594868570848
        },
        "ewc_rmse": {
            "n": 144,
            "mean": 11.654102616233578,
            "std": 5.984521722190893,
            "median": 10.333230728251909,
            "min": 3.9941745777175255,
            "max": 39.77467982117309,
            "q25": 7.651216443673463,
            "q75": 14.135796662171618,
            "iqr": 6.484580218498155
        },
        "ewc_r2": {
            "n": 144,
            "mean": -1.894641234622469,
            "std": 6.050485973793368,
            "median": -0.2839839535708161,
            "min": -56.600993483943746,
            "max": 0.9135018677673161,
            "q25": -2.2633971722220334,
            "q75": 0.3147592459371725,
            "iqr": 2.578156418159206
        },
        "trainable_params": {
            "n": 144,
            "mean": 2051537.0,
            "std": 0.0,
            "median": 2051537.0,
            "min": 2051537.0,
            "max": 2051537.0,
            "q25": 2051537.0,
            "q75": 2051537.0,
            "iqr": 0.0
        }
    },
    "overall": {
        "n_users": 144,
        "improve_rate_mae": 0.7291666666666666,
        "n_improved": 105,
        "n_degraded": 39,
        "gain_mean_improved": 7.243441269098457,
        "gain_median_improved": 4.920142190184293,
        "gain_mean_degraded": -2.3167328607347732,
        "gain_median_degraded": -1.8321118448578249,
        "best_user": {
            "user_id": "p004833_1",
            "gain": 27.87504871101832,
            "g_mae": 31.053058920643288,
            "ewc_mae": 3.1780102096249676
        },
        "worst_user": {
            "user_id": "p001764_1",
            "gain": -8.974180401101398,
            "g_mae": 13.6713361578008,
            "ewc_mae": 22.645516558902198
        }
    }
}