{
    "columns": {
        "trainable_params": {
            "n": 144,
            "mean": 3847130.0,
            "std": 0.0,
            "median": 3847130.0,
            "min": 3847130.0,
            "max": 3847130.0,
            "q25": 3847130.0,
            "q75": 3847130.0,
            "iqr": 0.0
        },
        "gain_global_eval": {
            "n": 144,
            "mean": 0.0,
            "std": 0.0,
            "median": 0.0,
            "min": 0.0,
            "max": 0.0,
            "q25": 0.0,
            "q75": 0.0,
            "iqr": 0.0
        },
        "gain_seq_hybrid": {
            "n": 144,
            "mean": 4.994315147399902,
            "std": 7.573233127593994,
            "median": 2.6962289810180664,
            "min": -10.338167190551758,
            "max": 34.15396499633789,
            "q25": 0.29714250564575195,
            "q75": 8.44496774673462,
            "iqr": 8.147825241088867
        },
        "global_eval_test_me": {
            "n": 144,
            "mean": 2.2142295837402344,
            "std": 15.877999305725098,
            "median": 1.9629719257354736,
            "min": -33.58596420288086,
            "max": 44.061492919921875,
            "q25": -8.785552024841309,
            "q75": 11.926748037338257,
            "iqr": 20.712300062179565
        },
        "global_eval_test_sd": {
            "n": 144,
            "mean": 8.932806968688965,
            "std": 3.489205837249756,
            "median": 8.2205810546875,
            "min": 3.365821599960327,
            "max": 22.139375686645508,
            "q25": 6.415248513221741,
            "q75": 10.795366287231445,
            "iqr": 4.380117774009705
        },
        "global_eval_test_mae": {
            "n": 144,
            "mean": 14.341376304626465,
            "std": 8.849235534667969,
            "median": 12.217979431152344,
            "min": 4.739744663238525,
            "max": 44.061492919921875,
            "q25": 7.745521068572998,
            "q75": 18.09887981414795,
            "iqr": 10.353358745574951
        },
        "global_eval_test_rmse": {
            "n": 144,
            "mean": 16.34125518798828,
            "std": 8.98173999786377,
            "median": 14.387940406799316,
            "min": 5.519583225250244,
            "max": 46.957576751708984,
            "q25": 9.511883735656738,
            "q75": 20.012439250946045,
            "iqr": 10.500555515289307
        },
        "global_eval_test_r2": {
            "n": 144,
            "mean": -6.572487325718005,
            "std": 14.661481226079983,
            "median": -1.5475873947143555,
            "min": -99.03992462158203,
            "max": 0.90656578540802,
            "q25": -5.48739492893219,
            "q75": 0.0563846230506897,
            "iqr": 5.54377955198288
        },
        "seq_hybrid_test_me": {
            "n": 144,
            "mean": 2.3540542125701904,
            "std": 8.681483268737793,
            "median": 1.5872418880462646,
            "min": -31.14456558227539,
            "max": 34.93470001220703,
            "q25": -2.8844009041786194,
            "q75": 7.200878620147705,
            "iqr": 10.085279524326324
        },
        "seq_hybrid_test_sd": {
            "n": 144,
            "mean": 8.161310195922852,
            "std": 3.431687116622925,
            "median": 7.363041877746582,
            "min": 2.7972569465637207,
            "max": 20.704113006591797,
            "q25": 5.632538676261902,
            "q75": 9.619149208068848,
            "iqr": 3.986610531806946
        },
        "seq_hybrid_test_mae": {
            "n": 144,
            "mean": 9.347062110900879,
            "std": 5.360474586486816,
            "median": 7.914521217346191,
            "min": 2.6278038024902344,
            "max": 34.93470001220703,
            "q25": 5.799508094787598,
            "q75": 11.062471389770508,
            "iqr": 5.26296329498291
        },
        "seq_hybrid_test_rmse": {
            "n": 144,
            "mean": 11.212491989135742,
            "std": 5.7618184089660645,
            "median": 9.974626541137695,
            "min": 3.212432622909546,
            "max": 35.55751037597656,
            "q25": 7.186034440994263,
            "q75": 13.363818168640137,
            "iqr": 6.177783727645874
        },
        "seq_hybrid_test_r2": {
            "n": 144,
            "mean": -1.7114369910624292,
            "std": 5.621655127864326,
            "median": -0.1055486798286438,
            "min": -52.48231887817383,
            "max": 0.914604663848877,
            "q25": -1.4154730439186096,
            "q75": 0.39541542530059814,
            "iqr": 1.8108884692192078
        },
        "seq_hybrid_forget": {
            "n": 144,
            "mean": 1.1601842476261988,
            "std": 2.0175588156486035,
            "median": 0.605381965637207,
            "min": -2.4184741973876953,
            "max": 10.160014629364014,
            "q25": -0.0894734263420105,
            "q75": 2.0033318996429443,
            "iqr": 2.092805325984955
        }
    },
    "overall": {
        "n_users": 144,
        "improve_rate_global_eval": 0.0,
        "n_improved_global_eval": 0,
        "n_degraded_global_eval": 144,
        "improve_rate_seq_hybrid": 0.7847222222222222,
        "n_improved_seq_hybrid": 113,
        "n_degraded_seq_hybrid": 31,
        "best_worst_by_gain": {
            "global_eval": {
                "best_user": {
                    "user_id": "p000750_1",
                    "gain": 0.0
                },
                "worst_user": {
                    "user_id": "p000750_1",
                    "gain": 0.0
                }
            },
            "seq_hybrid": {
                "best_user": {
                    "user_id": "p002175_1",
                    "gain": 34.15396499633789
                },
                "worst_user": {
                    "user_id": "p003348_1",
                    "gain": -10.338167190551758
                }
            }
        },
        "pooled_test": {
            "global_eval": {
                "n_samples": 5760,
                "me": 2.2142295273684214,
                "sd": 18.499869454583465,
                "rmse": 18.631907638148608,
                "mae": 14.34137684971414,
                "r2": 0.27120654723913096
            },
            "seq_hybrid": {
                "n_samples": 5760,
                "me": 2.3540540939446375,
                "sd": 12.375234848304085,
                "rmse": 12.597142859708201,
                "mae": 9.347061917967409,
                "r2": 0.6668545192656041
            }
        }
    }
}