{
    "columns": {
        "trainable_params": {
            "n": 144,
            "mean": 2051537.0,
            "std": 0.0,
            "median": 2051537.0,
            "min": 2051537.0,
            "max": 2051537.0,
            "q25": 2051537.0,
            "q75": 2051537.0,
            "iqr": 0.0
        },
        "gain_global_eval": {
            "n": 144,
            "mean": 0.0,
            "std": 0.0,
            "median": 0.0,
            "min": 0.0,
            "max": 0.0,
            "q25": 0.0,
            "q75": 0.0,
            "iqr": 0.0
        },
        "gain_seq_hybrid": {
            "n": 144,
            "mean": 4.853399753570557,
            "std": 7.5416789054870605,
            "median": 2.7957968711853027,
            "min": -9.563945770263672,
            "max": 33.49573516845703,
            "q25": 0.12568247318267822,
            "q75": 7.768535375595093,
            "iqr": 7.6428529024124146
        },
        "global_eval_test_me": {
            "n": 144,
            "mean": 2.2142295837402344,
            "std": 15.877998352050781,
            "median": 1.9629716873168945,
            "min": -33.58596420288086,
            "max": 44.061492919921875,
            "q25": -8.785552024841309,
            "q75": 11.926748991012573,
            "iqr": 20.712301015853882
        },
        "global_eval_test_sd": {
            "n": 144,
            "mean": 8.932807922363281,
            "std": 3.4892053604125977,
            "median": 8.2205810546875,
            "min": 3.365823268890381,
            "max": 22.139373779296875,
            "q25": 6.415248870849609,
            "q75": 10.795367240905762,
            "iqr": 4.380118370056152
        },
        "global_eval_test_mae": {
            "n": 144,
            "mean": 14.341376304626465,
            "std": 8.849234580993652,
            "median": 12.217979431152344,
            "min": 4.73974609375,
            "max": 44.061492919921875,
            "q25": 7.745521783828735,
            "q75": 18.098878860473633,
            "iqr": 10.353357076644897
        },
        "global_eval_test_rmse": {
            "n": 144,
            "mean": 16.34125518798828,
            "std": 8.981739044189453,
            "median": 14.387939453125,
            "min": 5.519585132598877,
            "max": 46.95757293701172,
            "q25": 9.51188325881958,
            "q75": 20.012437343597412,
            "iqr": 10.500554084777832
        },
        "global_eval_test_r2": {
            "n": 144,
            "mean": -6.572487308333318,
            "std": 14.661481004350438,
            "median": -1.547587275505066,
            "min": -99.0399169921875,
            "max": 0.90656578540802,
            "q25": -5.487394332885742,
            "q75": 0.05638471245765686,
            "iqr": 5.543779045343399
        },
        "seq_hybrid_test_me": {
            "n": 144,
            "mean": 2.325505256652832,
            "std": 8.767126083374023,
            "median": 2.1746931076049805,
            "min": -33.796287536621094,
            "max": 36.16840744018555,
            "q25": -2.3628082871437073,
            "q75": 7.355947017669678,
            "iqr": 9.718755304813385
        },
        "seq_hybrid_test_sd": {
            "n": 144,
            "mean": 8.35709285736084,
            "std": 3.4581527709960938,
            "median": 7.474311351776123,
            "min": 3.177393674850464,
            "max": 22.114530563354492,
            "q25": 5.9984482526779175,
            "q75": 9.880331993103027,
            "iqr": 3.88188374042511
        },
        "seq_hybrid_test_mae": {
            "n": 144,
            "mean": 9.487977027893066,
            "std": 5.366345405578613,
            "median": 8.073596954345703,
            "min": 2.6281604766845703,
            "max": 36.16840744018555,
            "q25": 5.901595830917358,
            "q75": 11.19742202758789,
            "iqr": 5.295826196670532
        },
        "seq_hybrid_test_rmse": {
            "n": 144,
            "mean": 11.398874282836914,
            "std": 5.809777736663818,
            "median": 10.07252311706543,
            "min": 3.342047691345215,
            "max": 36.822853088378906,
            "q25": 7.577721953392029,
            "q75": 13.903904438018799,
            "iqr": 6.32618248462677
        },
        "seq_hybrid_test_r2": {
            "n": 144,
            "mean": -1.8049176699585385,
            "std": 5.856233237006493,
            "median": -0.19168943166732788,
            "min": -56.356468200683594,
            "max": 0.8858246207237244,
            "q25": -1.6067250967025757,
            "q75": 0.34381408989429474,
            "iqr": 1.9505391865968704
        },
        "seq_hybrid_forget": {
            "n": 144,
            "mean": 1.4844372885094748,
            "std": 2.494353803782065,
            "median": 0.6025460958480835,
            "min": -2.363117218017578,
            "max": 10.883087635040283,
            "q25": -0.10013461112976074,
            "q75": 2.7002933025360107,
            "iqr": 2.8004279136657715
        }
    },
    "overall": {
        "n_users": 144,
        "improve_rate_global_eval": 0.0,
        "n_improved_global_eval": 0,
        "n_degraded_global_eval": 144,
        "improve_rate_seq_hybrid": 0.7569444444444444,
        "n_improved_seq_hybrid": 109,
        "n_degraded_seq_hybrid": 35,
        "best_worst_by_gain": {
            "global_eval": {
                "best_user": {
                    "user_id": "p000750_1",
                    "gain": 0.0
                },
                "worst_user": {
                    "user_id": "p000750_1",
                    "gain": 0.0
                }
            },
            "seq_hybrid": {
                "best_user": {
                    "user_id": "p002175_1",
                    "gain": 33.49573516845703
                },
                "worst_user": {
                    "user_id": "p003348_1",
                    "gain": -9.563945770263672
                }
            }
        },
        "pooled_test": {
            "global_eval": {
                "n_samples": 5760,
                "me": 2.214229518096588,
                "sd": 18.49986946848828,
                "rmse": 18.631907650853016,
                "mae": 14.34137687223145,
                "r2": 0.2712065462452564
            },
            "seq_hybrid": {
                "n_samples": 5760,
                "me": 2.325505502277886,
                "sd": 12.571614055117568,
                "rmse": 12.78489170043901,
                "mae": 9.487976996468658,
                "r2": 0.6568500624867256
            }
        }
    }
}